-- phpMyAdmin SQL Dump
-- version 5.2.1
-- https://www.phpmyadmin.net/
--
-- Host: 127.0.0.1
-- Generation Time: Maj 13, 2025 at 11:35 PM
-- Wersja serwera: 10.4.32-MariaDB
-- Wersja PHP: 8.2.12

SET SQL_MODE = "NO_AUTO_VALUE_ON_ZERO";
START TRANSACTION;
SET time_zone = "+00:00";


/*!40101 SET @OLD_CHARACTER_SET_CLIENT=@@CHARACTER_SET_CLIENT */;
/*!40101 SET @OLD_CHARACTER_SET_RESULTS=@@CHARACTER_SET_RESULTS */;
/*!40101 SET @OLD_COLLATION_CONNECTION=@@COLLATION_CONNECTION */;
/*!40101 SET NAMES utf8mb4 */;

--
-- Database: `biletowo`
--

-- --------------------------------------------------------

--
-- Struktura tabeli dla tabeli `artists`
--

CREATE TABLE `artists` (
  `id` int(11) NOT NULL,
  `name` varchar(255) DEFAULT NULL,
  `image` varchar(255) DEFAULT NULL,
  `slug` varchar(255) DEFAULT NULL
) ENGINE=InnoDB DEFAULT CHARSET=utf8mb4 COLLATE=utf8mb4_general_ci;

--
-- Dumping data for table `artists`
--

INSERT INTO `artists` (`id`, `name`, `image`, `slug`) VALUES
(1, 'Taco Hemingway', 'taco.jpg', 'taco-hemingway'),
(2, 'Bedoes 2115', 'bedi.jpg', 'bedoes-2115');

-- --------------------------------------------------------

--
-- Struktura tabeli dla tabeli `events`
--

CREATE TABLE `events` (
  `id` int(11) NOT NULL,
  `name` varchar(255) DEFAULT NULL,
  `artist_id` int(11) DEFAULT NULL,
  `description` text DEFAULT NULL,
  `venue_id` int(11) DEFAULT NULL,
  `slug` varchar(255) DEFAULT NULL,
  `image` varchar(255) DEFAULT NULL,
  `event_time` varchar(255) DEFAULT NULL,
  `event_time_info` tinytext DEFAULT NULL,
  `created_at` datetime DEFAULT current_timestamp()
) ENGINE=InnoDB DEFAULT CHARSET=utf8mb4 COLLATE=utf8mb4_general_ci;

--
-- Dumping data for table `events`
--

INSERT INTO `events` (`id`, `name`, `artist_id`, `description`, `venue_id`, `slug`, `image`, `event_time`, `event_time_info`, `created_at`) VALUES
(1, '1-800 TOUR', 1, '**Taco Hemingway – 1-800 TOUR w Warszawie! Kup bilety na wyjątkowy koncert!**\nJuż 22 czerwca 2024 roku Taco Hemingway wystąpi na PGE Narodowym w Warszawie w ramach swojej spektakularnej trasy **1-800 TOUR**! To wyjątkowe wydarzenie promuje jego najnowszy album _1-800-OŚWIECENIE_ i zapowiada się jako jeden z największych koncertów w karierze artysty.\n\nFani mogą spodziewać się nie tylko największych hitów, ale także wyjątkowej oprawy wizualnej i muzycznych niespodzianek. Na scenie pojawią się również goście specjalni, którzy dodadzą temu wieczorowi jeszcze więcej emocji!\n\nNie przegap szansy na udział w tym historycznym wydarzeniu! Bilety są dostępne w sprzedaży – zarezerwuj swoje miejsce już teraz i bądź częścią niezapomnianego koncertu Taco Hemingwaya na PGE Narodowym!\n', 1, '1-800-tour', 'taco-post.jpg', '22.06.2024 20:00', '19:00 - Otwarcie bram <br>\r\n20:00 - Rozpoczęcie wydarzenia', '2025-04-03 18:26:13'),
(2, '2115 na Narodowym', 2, '## **2115 – koncert na PGE Narodowym! Kup bilety na największe wydarzenie w historii polskiego hip-hopu!**\r\n\r\nJuż **12 lipca 2025 roku** grupa **2115** wystąpi na PGE Narodowym w Warszawie! To będzie pierwszy w historii pełnowymiarowy koncert tej ekipy na stadionie – z monumentalną sceną, pirotechniką i niezapomnianą oprawą wizualną.\r\n\r\nNa scenie pojawią się:\r\n\r\n* **Bedoes 2115**\r\n* **White 2115**\r\n* **Białas**\r\n* **Kubi Producent**\r\n* oraz **goście specjalni** (ogłoszeni wkrótce!)\r\n\r\nFani mogą spodziewać się premierowych utworów, największych hitów 2115, ekskluzywnego merchu i widowiska, które na długo pozostanie w pamięci.\r\n\r\n---\r\n\r\n### 🎟️ **Bilety:**\r\n\r\n* Przedsprzedaż: od **15 marca 2025**\r\n* Oficjalna sprzedaż: od **20 marca 2025**\r\n* Dostępne pule: **Trybuny**, **Płyta**, **Golden Circle**, **VIP**\r\n\r\n---\r\n\r\nNie przegap tego wieczoru – zarezerwuj bilety już teraz i dołącz do muzycznego święta 2115 na PGE Narodowym!\r\n\r\n> „Mówią, że marzenia się nie spełniają. Ale my na to odpowiadamy: **2115 zrobi to po swojemu.**”\r\n', 1, '2115-na-narodowym', '2115.jpg', '12.07.2025 21:15', '20:15 - Otwarcie bram <br>\r\n21:15 - Rozpoczęcie wydarzenia', '2025-04-11 19:04:02');

-- --------------------------------------------------------

--
-- Struktura tabeli dla tabeli `event_dates`
--

CREATE TABLE `event_dates` (
  `id` int(11) NOT NULL,
  `event_id` int(11) DEFAULT NULL,
  `event_date` date DEFAULT NULL,
  `event_time` time DEFAULT NULL
) ENGINE=InnoDB DEFAULT CHARSET=utf8mb4 COLLATE=utf8mb4_general_ci;

--
-- Dumping data for table `event_dates`
--

INSERT INTO `event_dates` (`id`, `event_id`, `event_date`, `event_time`) VALUES
(1, 1, '2024-06-20', '20:00:00'),
(2, 1, '2024-06-20', '22:00:00'),
(3, 1, '2024-06-21', '20:00:00');

-- --------------------------------------------------------

--
-- Struktura tabeli dla tabeli `rows`
--

CREATE TABLE `rows` (
  `id` int(11) NOT NULL,
  `number` int(11) DEFAULT NULL,
  `sector_id` int(11) DEFAULT NULL
) ENGINE=InnoDB DEFAULT CHARSET=utf8mb4 COLLATE=utf8mb4_general_ci;

--
-- Dumping data for table `rows`
--

INSERT INTO `rows` (`id`, `number`, `sector_id`) VALUES
(1, 1, 1),
(2, 2, 1),
(3, 3, 1),
(4, 4, 1),
(5, 5, 1),
(6, 6, 1),
(7, 7, 1),
(8, 8, 1),
(9, 9, 1),
(10, 10, 1),
(11, 11, 1),
(12, 12, 1),
(13, 13, 1),
(14, 14, 1),
(15, 15, 1),
(16, 1, 2),
(17, 2, 2),
(18, 3, 2),
(19, 4, 2),
(20, 5, 2),
(21, 6, 2),
(22, 7, 2),
(23, 8, 2),
(24, 9, 2),
(25, 10, 2),
(26, 11, 2),
(27, 12, 2),
(28, 13, 2),
(29, 14, 2),
(30, 15, 2),
(31, 1, 3),
(32, 2, 3),
(33, 3, 3),
(34, 4, 3),
(35, 5, 3),
(36, 6, 3),
(37, 7, 3),
(38, 8, 3),
(39, 9, 3),
(40, 10, 3),
(41, 11, 3),
(42, 12, 3),
(43, 13, 3),
(44, 14, 3),
(45, 15, 3),
(46, 1, 4),
(47, 2, 4),
(48, 3, 4),
(49, 4, 4),
(50, 5, 4),
(51, 6, 4),
(52, 7, 4),
(53, 8, 4),
(54, 9, 4),
(55, 10, 4),
(56, 11, 4),
(57, 12, 4),
(58, 13, 4),
(59, 14, 4),
(60, 15, 4),
(61, 1, 5),
(62, 2, 5),
(63, 3, 5),
(64, 4, 5),
(65, 5, 5),
(66, 6, 5),
(67, 7, 5),
(68, 8, 5),
(69, 9, 5),
(70, 10, 5),
(71, 11, 5),
(72, 12, 5),
(73, 13, 5),
(74, 14, 5),
(75, 15, 5),
(76, 1, 6),
(77, 2, 6),
(78, 3, 6),
(79, 4, 6),
(80, 5, 6),
(81, 6, 6),
(82, 7, 6),
(83, 8, 6),
(84, 9, 6),
(85, 10, 6),
(86, 11, 6),
(87, 12, 6),
(88, 13, 6),
(89, 14, 6),
(90, 15, 6),
(91, 16, 6),
(92, 17, 6),
(93, 18, 6),
(94, 19, 6),
(95, 20, 6),
(96, 1, 7),
(97, 2, 7),
(98, 3, 7),
(99, 4, 7),
(100, 5, 7),
(101, 6, 7),
(102, 7, 7),
(103, 8, 7),
(104, 9, 7),
(105, 10, 7),
(106, 11, 7),
(107, 12, 7),
(108, 13, 7),
(109, 14, 7),
(110, 15, 7),
(111, 16, 7),
(112, 17, 7),
(113, 18, 7),
(114, 19, 7),
(115, 20, 7),
(116, 1, 8),
(117, 2, 8),
(118, 3, 8),
(119, 4, 8),
(120, 5, 8),
(121, 6, 8),
(122, 7, 8),
(123, 8, 8),
(124, 9, 8),
(125, 10, 8),
(126, 11, 8),
(127, 12, 8),
(128, 13, 8),
(129, 14, 8),
(130, 15, 8),
(131, 16, 8),
(132, 17, 8),
(133, 18, 8),
(134, 19, 8),
(135, 20, 8),
(136, 1, 9),
(137, 2, 9),
(138, 3, 9),
(139, 4, 9),
(140, 5, 9),
(141, 6, 9),
(142, 7, 9),
(143, 8, 9),
(144, 9, 9),
(145, 10, 9),
(146, 11, 9),
(147, 12, 9),
(148, 13, 9),
(149, 14, 9),
(150, 15, 9),
(151, 16, 9),
(152, 17, 9),
(153, 18, 9),
(154, 19, 9),
(155, 20, 9),
(156, 1, 10),
(157, 2, 10),
(158, 3, 10),
(159, 4, 10),
(160, 5, 10),
(161, 6, 10),
(162, 7, 10),
(163, 8, 10),
(164, 9, 10),
(165, 10, 10),
(166, 11, 10),
(167, 12, 10),
(168, 13, 10),
(169, 14, 10),
(170, 15, 10),
(171, 16, 10),
(172, 17, 10),
(173, 18, 10),
(174, 19, 10),
(175, 20, 10),
(176, 1, 11),
(177, 2, 11),
(178, 3, 11),
(179, 4, 11),
(180, 5, 11),
(181, 6, 11),
(182, 7, 11),
(183, 8, 11),
(184, 9, 11),
(185, 10, 11),
(186, 11, 11),
(187, 12, 11),
(188, 13, 11),
(189, 14, 11),
(190, 15, 11),
(191, 16, 11),
(192, 17, 11),
(193, 18, 11),
(194, 19, 11),
(195, 20, 11),
(196, 1, 12),
(197, 2, 12),
(198, 3, 12),
(199, 4, 12),
(200, 5, 12),
(201, 6, 12),
(202, 7, 12),
(203, 8, 12),
(204, 9, 12),
(205, 10, 12),
(206, 11, 12),
(207, 12, 12),
(208, 13, 12),
(209, 14, 12),
(210, 15, 12),
(211, 16, 12),
(212, 17, 12),
(213, 18, 12),
(214, 19, 12),
(215, 20, 12),
(216, 1, 13),
(217, 2, 13),
(218, 3, 13),
(219, 4, 13),
(220, 5, 13),
(221, 6, 13),
(222, 7, 13),
(223, 8, 13),
(224, 9, 13),
(225, 10, 13),
(226, 11, 13),
(227, 12, 13),
(228, 13, 13),
(229, 14, 13),
(230, 15, 13),
(231, 16, 13),
(232, 17, 13),
(233, 18, 13),
(234, 19, 13),
(235, 20, 13),
(236, 1, 14),
(237, 2, 14),
(238, 3, 14),
(239, 4, 14),
(240, 5, 14),
(241, 6, 14),
(242, 7, 14),
(243, 8, 14),
(244, 9, 14),
(245, 10, 14),
(246, 1, 15),
(247, 2, 15),
(248, 3, 15),
(249, 4, 15),
(250, 5, 15),
(251, 6, 15),
(252, 7, 15),
(253, 8, 15),
(254, 9, 15),
(255, 10, 15),
(256, 1, 16),
(257, 2, 16),
(258, 3, 16),
(259, 4, 16),
(260, 5, 16),
(261, 6, 16),
(262, 7, 16),
(263, 8, 16),
(264, 9, 16),
(265, 10, 16),
(266, 1, 17),
(267, 2, 17),
(268, 3, 17),
(269, 4, 17),
(270, 5, 17),
(271, 6, 17),
(272, 7, 17),
(273, 8, 17),
(274, 9, 17),
(275, 10, 17);

-- --------------------------------------------------------

--
-- Struktura tabeli dla tabeli `seats`
--

CREATE TABLE `seats` (
  `id` int(11) NOT NULL,
  `number` int(11) DEFAULT NULL,
  `row_id` int(11) DEFAULT NULL
) ENGINE=InnoDB DEFAULT CHARSET=utf8mb4 COLLATE=utf8mb4_general_ci;

--
-- Dumping data for table `seats`
--

INSERT INTO `seats` (`id`, `number`, `row_id`) VALUES
(3118, 1, 1),
(3119, 2, 1),
(3120, 3, 1),
(3121, 4, 1),
(3122, 5, 1),
(3123, 6, 1),
(3124, 7, 1),
(3125, 8, 1),
(3126, 9, 1),
(3127, 10, 1),
(3128, 11, 1),
(3129, 12, 1),
(3130, 13, 1),
(3131, 14, 1),
(3132, 15, 1),
(3133, 16, 1),
(3134, 17, 1),
(3135, 18, 1),
(3136, 19, 1),
(3137, 20, 1),
(3138, 1, 2),
(3139, 2, 2),
(3140, 3, 2),
(3141, 4, 2),
(3142, 5, 2),
(3143, 6, 2),
(3144, 7, 2),
(3145, 8, 2),
(3146, 9, 2),
(3147, 10, 2),
(3148, 11, 2),
(3149, 12, 2),
(3150, 13, 2),
(3151, 14, 2),
(3152, 15, 2),
(3153, 16, 2),
(3154, 17, 2),
(3155, 18, 2),
(3156, 19, 2),
(3157, 20, 2),
(3158, 1, 3),
(3159, 2, 3),
(3160, 3, 3),
(3161, 4, 3),
(3162, 5, 3),
(3163, 6, 3),
(3164, 7, 3),
(3165, 8, 3),
(3166, 9, 3),
(3167, 10, 3),
(3168, 11, 3),
(3169, 12, 3),
(3170, 13, 3),
(3171, 14, 3),
(3172, 15, 3),
(3173, 16, 3),
(3174, 17, 3),
(3175, 18, 3),
(3176, 19, 3),
(3177, 20, 3),
(3178, 1, 4),
(3179, 2, 4),
(3180, 3, 4),
(3181, 4, 4),
(3182, 5, 4),
(3183, 6, 4),
(3184, 7, 4),
(3185, 8, 4),
(3186, 9, 4),
(3187, 10, 4),
(3188, 11, 4),
(3189, 12, 4),
(3190, 13, 4),
(3191, 14, 4),
(3192, 15, 4),
(3193, 16, 4),
(3194, 17, 4),
(3195, 18, 4),
(3196, 19, 4),
(3197, 20, 4),
(3198, 1, 5),
(3199, 2, 5),
(3200, 3, 5),
(3201, 4, 5),
(3202, 5, 5),
(3203, 6, 5),
(3204, 7, 5),
(3205, 8, 5),
(3206, 9, 5),
(3207, 10, 5),
(3208, 11, 5),
(3209, 12, 5),
(3210, 13, 5),
(3211, 14, 5),
(3212, 15, 5),
(3213, 16, 5),
(3214, 17, 5),
(3215, 18, 5),
(3216, 19, 5),
(3217, 20, 5),
(3218, 1, 6),
(3219, 2, 6),
(3220, 3, 6),
(3221, 4, 6),
(3222, 5, 6),
(3223, 6, 6),
(3224, 7, 6),
(3225, 8, 6),
(3226, 9, 6),
(3227, 10, 6),
(3228, 11, 6),
(3229, 12, 6),
(3230, 13, 6),
(3231, 14, 6),
(3232, 15, 6),
(3233, 16, 6),
(3234, 17, 6),
(3235, 18, 6),
(3236, 19, 6),
(3237, 20, 6),
(3238, 1, 7),
(3239, 2, 7),
(3240, 3, 7),
(3241, 4, 7),
(3242, 5, 7),
(3243, 6, 7),
(3244, 7, 7),
(3245, 8, 7),
(3246, 9, 7),
(3247, 10, 7),
(3248, 11, 7),
(3249, 12, 7),
(3250, 13, 7),
(3251, 14, 7),
(3252, 15, 7),
(3253, 16, 7),
(3254, 17, 7),
(3255, 18, 7),
(3256, 19, 7),
(3257, 20, 7),
(3258, 1, 8),
(3259, 2, 8),
(3260, 3, 8),
(3261, 4, 8),
(3262, 5, 8),
(3263, 6, 8),
(3264, 7, 8),
(3265, 8, 8),
(3266, 9, 8),
(3267, 10, 8),
(3268, 11, 8),
(3269, 12, 8),
(3270, 13, 8),
(3271, 14, 8),
(3272, 15, 8),
(3273, 16, 8),
(3274, 17, 8),
(3275, 18, 8),
(3276, 19, 8),
(3277, 20, 8),
(3278, 1, 9),
(3279, 2, 9),
(3280, 3, 9),
(3281, 4, 9),
(3282, 5, 9),
(3283, 6, 9),
(3284, 7, 9),
(3285, 8, 9),
(3286, 9, 9),
(3287, 10, 9),
(3288, 11, 9),
(3289, 12, 9),
(3290, 13, 9),
(3291, 14, 9),
(3292, 15, 9),
(3293, 16, 9),
(3294, 17, 9),
(3295, 18, 9),
(3296, 19, 9),
(3297, 20, 9),
(3298, 1, 10),
(3299, 2, 10),
(3300, 3, 10),
(3301, 4, 10),
(3302, 5, 10),
(3303, 6, 10),
(3304, 7, 10),
(3305, 8, 10),
(3306, 9, 10),
(3307, 10, 10),
(3308, 11, 10),
(3309, 12, 10),
(3310, 13, 10),
(3311, 14, 10),
(3312, 15, 10),
(3313, 16, 10),
(3314, 17, 10),
(3315, 18, 10),
(3316, 19, 10),
(3317, 20, 10),
(3318, 1, 11),
(3319, 2, 11),
(3320, 3, 11),
(3321, 4, 11),
(3322, 5, 11),
(3323, 6, 11),
(3324, 7, 11),
(3325, 8, 11),
(3326, 9, 11),
(3327, 10, 11),
(3328, 11, 11),
(3329, 12, 11),
(3330, 13, 11),
(3331, 14, 11),
(3332, 15, 11),
(3333, 16, 11),
(3334, 17, 11),
(3335, 18, 11),
(3336, 19, 11),
(3337, 20, 11),
(3338, 1, 12),
(3339, 2, 12),
(3340, 3, 12),
(3341, 4, 12),
(3342, 5, 12),
(3343, 6, 12),
(3344, 7, 12),
(3345, 8, 12),
(3346, 9, 12),
(3347, 10, 12),
(3348, 11, 12),
(3349, 12, 12),
(3350, 13, 12),
(3351, 14, 12),
(3352, 15, 12),
(3353, 16, 12),
(3354, 17, 12),
(3355, 18, 12),
(3356, 19, 12),
(3357, 20, 12),
(3358, 1, 13),
(3359, 2, 13),
(3360, 3, 13),
(3361, 4, 13),
(3362, 5, 13),
(3363, 6, 13),
(3364, 7, 13),
(3365, 8, 13),
(3366, 9, 13),
(3367, 10, 13),
(3368, 11, 13),
(3369, 12, 13),
(3370, 13, 13),
(3371, 14, 13),
(3372, 15, 13),
(3373, 16, 13),
(3374, 17, 13),
(3375, 18, 13),
(3376, 19, 13),
(3377, 20, 13),
(3378, 1, 14),
(3379, 2, 14),
(3380, 3, 14),
(3381, 4, 14),
(3382, 5, 14),
(3383, 6, 14),
(3384, 7, 14),
(3385, 8, 14),
(3386, 9, 14),
(3387, 10, 14),
(3388, 11, 14),
(3389, 12, 14),
(3390, 13, 14),
(3391, 14, 14),
(3392, 15, 14),
(3393, 16, 14),
(3394, 17, 14),
(3395, 18, 14),
(3396, 19, 14),
(3397, 20, 14),
(3398, 1, 15),
(3399, 2, 15),
(3400, 3, 15),
(3401, 4, 15),
(3402, 5, 15),
(3403, 6, 15),
(3404, 7, 15),
(3405, 8, 15),
(3406, 9, 15),
(3407, 10, 15),
(3408, 11, 15),
(3409, 12, 15),
(3410, 13, 15),
(3411, 14, 15),
(3412, 15, 15),
(3413, 16, 15),
(3414, 17, 15),
(3415, 18, 15),
(3416, 19, 15),
(3417, 20, 15),
(3418, 1, 16),
(3419, 2, 16),
(3420, 3, 16),
(3421, 4, 16),
(3422, 5, 16),
(3423, 6, 16),
(3424, 7, 16),
(3425, 8, 16),
(3426, 9, 16),
(3427, 10, 16),
(3428, 11, 16),
(3429, 12, 16),
(3430, 13, 16),
(3431, 14, 16),
(3432, 15, 16),
(3433, 16, 16),
(3434, 17, 16),
(3435, 18, 16),
(3436, 19, 16),
(3437, 20, 16),
(3438, 1, 17),
(3439, 2, 17),
(3440, 3, 17),
(3441, 4, 17),
(3442, 5, 17),
(3443, 6, 17),
(3444, 7, 17),
(3445, 8, 17),
(3446, 9, 17),
(3447, 10, 17),
(3448, 11, 17),
(3449, 12, 17),
(3450, 13, 17),
(3451, 14, 17),
(3452, 15, 17),
(3453, 16, 17),
(3454, 17, 17),
(3455, 18, 17),
(3456, 19, 17),
(3457, 20, 17),
(3458, 1, 18),
(3459, 2, 18),
(3460, 3, 18),
(3461, 4, 18),
(3462, 5, 18),
(3463, 6, 18),
(3464, 7, 18),
(3465, 8, 18),
(3466, 9, 18),
(3467, 10, 18),
(3468, 11, 18),
(3469, 12, 18),
(3470, 13, 18),
(3471, 14, 18),
(3472, 15, 18),
(3473, 16, 18),
(3474, 17, 18),
(3475, 18, 18),
(3476, 19, 18),
(3477, 20, 18),
(3478, 1, 19),
(3479, 2, 19),
(3480, 3, 19),
(3481, 4, 19),
(3482, 5, 19),
(3483, 6, 19),
(3484, 7, 19),
(3485, 8, 19),
(3486, 9, 19),
(3487, 10, 19),
(3488, 11, 19),
(3489, 12, 19),
(3490, 13, 19),
(3491, 14, 19),
(3492, 15, 19),
(3493, 16, 19),
(3494, 17, 19),
(3495, 18, 19),
(3496, 19, 19),
(3497, 20, 19),
(3498, 1, 20),
(3499, 2, 20),
(3500, 3, 20),
(3501, 4, 20),
(3502, 5, 20),
(3503, 6, 20),
(3504, 7, 20),
(3505, 8, 20),
(3506, 9, 20),
(3507, 10, 20),
(3508, 11, 20),
(3509, 12, 20),
(3510, 13, 20),
(3511, 14, 20),
(3512, 15, 20),
(3513, 16, 20),
(3514, 17, 20),
(3515, 18, 20),
(3516, 19, 20),
(3517, 20, 20),
(3518, 1, 21),
(3519, 2, 21),
(3520, 3, 21),
(3521, 4, 21),
(3522, 5, 21),
(3523, 6, 21),
(3524, 7, 21),
(3525, 8, 21),
(3526, 9, 21),
(3527, 10, 21),
(3528, 11, 21),
(3529, 12, 21),
(3530, 13, 21),
(3531, 14, 21),
(3532, 15, 21),
(3533, 16, 21),
(3534, 17, 21),
(3535, 18, 21),
(3536, 19, 21),
(3537, 20, 21),
(3538, 1, 22),
(3539, 2, 22),
(3540, 3, 22),
(3541, 4, 22),
(3542, 5, 22),
(3543, 6, 22),
(3544, 7, 22),
(3545, 8, 22),
(3546, 9, 22),
(3547, 10, 22),
(3548, 11, 22),
(3549, 12, 22),
(3550, 13, 22),
(3551, 14, 22),
(3552, 15, 22),
(3553, 16, 22),
(3554, 17, 22),
(3555, 18, 22),
(3556, 19, 22),
(3557, 20, 22),
(3558, 1, 23),
(3559, 2, 23),
(3560, 3, 23),
(3561, 4, 23),
(3562, 5, 23),
(3563, 6, 23),
(3564, 7, 23),
(3565, 8, 23),
(3566, 9, 23),
(3567, 10, 23),
(3568, 11, 23),
(3569, 12, 23),
(3570, 13, 23),
(3571, 14, 23),
(3572, 15, 23),
(3573, 16, 23),
(3574, 17, 23),
(3575, 18, 23),
(3576, 19, 23),
(3577, 20, 23),
(3578, 1, 24),
(3579, 2, 24),
(3580, 3, 24),
(3581, 4, 24),
(3582, 5, 24),
(3583, 6, 24),
(3584, 7, 24),
(3585, 8, 24),
(3586, 9, 24),
(3587, 10, 24),
(3588, 11, 24),
(3589, 12, 24),
(3590, 13, 24),
(3591, 14, 24),
(3592, 15, 24),
(3593, 16, 24),
(3594, 17, 24),
(3595, 18, 24),
(3596, 19, 24),
(3597, 20, 24),
(3598, 1, 25),
(3599, 2, 25),
(3600, 3, 25),
(3601, 4, 25),
(3602, 5, 25),
(3603, 6, 25),
(3604, 7, 25),
(3605, 8, 25),
(3606, 9, 25),
(3607, 10, 25),
(3608, 11, 25),
(3609, 12, 25),
(3610, 13, 25),
(3611, 14, 25),
(3612, 15, 25),
(3613, 16, 25),
(3614, 17, 25),
(3615, 18, 25),
(3616, 19, 25),
(3617, 20, 25),
(3618, 1, 26),
(3619, 2, 26),
(3620, 3, 26),
(3621, 4, 26),
(3622, 5, 26),
(3623, 6, 26),
(3624, 7, 26),
(3625, 8, 26),
(3626, 9, 26),
(3627, 10, 26),
(3628, 11, 26),
(3629, 12, 26),
(3630, 13, 26),
(3631, 14, 26),
(3632, 15, 26),
(3633, 16, 26),
(3634, 17, 26),
(3635, 18, 26),
(3636, 19, 26),
(3637, 20, 26),
(3638, 1, 27),
(3639, 2, 27),
(3640, 3, 27),
(3641, 4, 27),
(3642, 5, 27),
(3643, 6, 27),
(3644, 7, 27),
(3645, 8, 27),
(3646, 9, 27),
(3647, 10, 27),
(3648, 11, 27),
(3649, 12, 27),
(3650, 13, 27),
(3651, 14, 27),
(3652, 15, 27),
(3653, 16, 27),
(3654, 17, 27),
(3655, 18, 27),
(3656, 19, 27),
(3657, 20, 27),
(3658, 1, 28),
(3659, 2, 28),
(3660, 3, 28),
(3661, 4, 28),
(3662, 5, 28),
(3663, 6, 28),
(3664, 7, 28),
(3665, 8, 28),
(3666, 9, 28),
(3667, 10, 28),
(3668, 11, 28),
(3669, 12, 28),
(3670, 13, 28),
(3671, 14, 28),
(3672, 15, 28),
(3673, 16, 28),
(3674, 17, 28),
(3675, 18, 28),
(3676, 19, 28),
(3677, 20, 28),
(3678, 1, 29),
(3679, 2, 29),
(3680, 3, 29),
(3681, 4, 29),
(3682, 5, 29),
(3683, 6, 29),
(3684, 7, 29),
(3685, 8, 29),
(3686, 9, 29),
(3687, 10, 29),
(3688, 11, 29),
(3689, 12, 29),
(3690, 13, 29),
(3691, 14, 29),
(3692, 15, 29),
(3693, 16, 29),
(3694, 17, 29),
(3695, 18, 29),
(3696, 19, 29),
(3697, 20, 29),
(3698, 1, 30),
(3699, 2, 30),
(3700, 3, 30),
(3701, 4, 30),
(3702, 5, 30),
(3703, 6, 30),
(3704, 7, 30),
(3705, 8, 30),
(3706, 9, 30),
(3707, 10, 30),
(3708, 11, 30),
(3709, 12, 30),
(3710, 13, 30),
(3711, 14, 30),
(3712, 15, 30),
(3713, 16, 30),
(3714, 17, 30),
(3715, 18, 30),
(3716, 19, 30),
(3717, 20, 30),
(3718, 1, 31),
(3719, 2, 31),
(3720, 3, 31),
(3721, 4, 31),
(3722, 5, 31),
(3723, 6, 31),
(3724, 7, 31),
(3725, 8, 31),
(3726, 9, 31),
(3727, 10, 31),
(3728, 11, 31),
(3729, 12, 31),
(3730, 13, 31),
(3731, 14, 31),
(3732, 15, 31),
(3733, 16, 31),
(3734, 17, 31),
(3735, 18, 31),
(3736, 19, 31),
(3737, 20, 31),
(3738, 1, 32),
(3739, 2, 32),
(3740, 3, 32),
(3741, 4, 32),
(3742, 5, 32),
(3743, 6, 32),
(3744, 7, 32),
(3745, 8, 32),
(3746, 9, 32),
(3747, 10, 32),
(3748, 11, 32),
(3749, 12, 32),
(3750, 13, 32),
(3751, 14, 32),
(3752, 15, 32),
(3753, 16, 32),
(3754, 17, 32),
(3755, 18, 32),
(3756, 19, 32),
(3757, 20, 32),
(3758, 1, 33),
(3759, 2, 33),
(3760, 3, 33),
(3761, 4, 33),
(3762, 5, 33),
(3763, 6, 33),
(3764, 7, 33),
(3765, 8, 33),
(3766, 9, 33),
(3767, 10, 33),
(3768, 11, 33),
(3769, 12, 33),
(3770, 13, 33),
(3771, 14, 33),
(3772, 15, 33),
(3773, 16, 33),
(3774, 17, 33),
(3775, 18, 33),
(3776, 19, 33),
(3777, 20, 33),
(3778, 1, 34),
(3779, 2, 34),
(3780, 3, 34),
(3781, 4, 34),
(3782, 5, 34),
(3783, 6, 34),
(3784, 7, 34),
(3785, 8, 34),
(3786, 9, 34),
(3787, 10, 34),
(3788, 11, 34),
(3789, 12, 34),
(3790, 13, 34),
(3791, 14, 34),
(3792, 15, 34),
(3793, 16, 34),
(3794, 17, 34),
(3795, 18, 34),
(3796, 19, 34),
(3797, 20, 34),
(3798, 1, 35),
(3799, 2, 35),
(3800, 3, 35),
(3801, 4, 35),
(3802, 5, 35),
(3803, 6, 35),
(3804, 7, 35),
(3805, 8, 35),
(3806, 9, 35),
(3807, 10, 35),
(3808, 11, 35),
(3809, 12, 35),
(3810, 13, 35),
(3811, 14, 35),
(3812, 15, 35),
(3813, 16, 35),
(3814, 17, 35),
(3815, 18, 35),
(3816, 19, 35),
(3817, 20, 35),
(3818, 1, 36),
(3819, 2, 36),
(3820, 3, 36),
(3821, 4, 36),
(3822, 5, 36),
(3823, 6, 36),
(3824, 7, 36),
(3825, 8, 36),
(3826, 9, 36),
(3827, 10, 36),
(3828, 11, 36),
(3829, 12, 36),
(3830, 13, 36),
(3831, 14, 36),
(3832, 15, 36),
(3833, 16, 36),
(3834, 17, 36),
(3835, 18, 36),
(3836, 19, 36),
(3837, 20, 36),
(3838, 1, 37),
(3839, 2, 37),
(3840, 3, 37),
(3841, 4, 37),
(3842, 5, 37),
(3843, 6, 37),
(3844, 7, 37),
(3845, 8, 37),
(3846, 9, 37),
(3847, 10, 37),
(3848, 11, 37),
(3849, 12, 37),
(3850, 13, 37),
(3851, 14, 37),
(3852, 15, 37),
(3853, 16, 37),
(3854, 17, 37),
(3855, 18, 37),
(3856, 19, 37),
(3857, 20, 37),
(3858, 1, 38),
(3859, 2, 38),
(3860, 3, 38),
(3861, 4, 38),
(3862, 5, 38),
(3863, 6, 38),
(3864, 7, 38),
(3865, 8, 38),
(3866, 9, 38),
(3867, 10, 38),
(3868, 11, 38),
(3869, 12, 38),
(3870, 13, 38),
(3871, 14, 38),
(3872, 15, 38),
(3873, 16, 38),
(3874, 17, 38),
(3875, 18, 38),
(3876, 19, 38),
(3877, 20, 38),
(3878, 1, 39),
(3879, 2, 39),
(3880, 3, 39),
(3881, 4, 39),
(3882, 5, 39),
(3883, 6, 39),
(3884, 7, 39),
(3885, 8, 39),
(3886, 9, 39),
(3887, 10, 39),
(3888, 11, 39),
(3889, 12, 39),
(3890, 13, 39),
(3891, 14, 39),
(3892, 15, 39),
(3893, 16, 39),
(3894, 17, 39),
(3895, 18, 39),
(3896, 19, 39),
(3897, 20, 39),
(3898, 1, 40),
(3899, 2, 40),
(3900, 3, 40),
(3901, 4, 40),
(3902, 5, 40),
(3903, 6, 40),
(3904, 7, 40),
(3905, 8, 40),
(3906, 9, 40),
(3907, 10, 40),
(3908, 11, 40),
(3909, 12, 40),
(3910, 13, 40),
(3911, 14, 40),
(3912, 15, 40),
(3913, 16, 40),
(3914, 17, 40),
(3915, 18, 40),
(3916, 19, 40),
(3917, 20, 40),
(3918, 1, 41),
(3919, 2, 41),
(3920, 3, 41),
(3921, 4, 41),
(3922, 5, 41),
(3923, 6, 41),
(3924, 7, 41),
(3925, 8, 41),
(3926, 9, 41),
(3927, 10, 41),
(3928, 11, 41),
(3929, 12, 41),
(3930, 13, 41),
(3931, 14, 41),
(3932, 15, 41),
(3933, 16, 41),
(3934, 17, 41),
(3935, 18, 41),
(3936, 19, 41),
(3937, 20, 41),
(3938, 1, 42),
(3939, 2, 42),
(3940, 3, 42),
(3941, 4, 42),
(3942, 5, 42),
(3943, 6, 42),
(3944, 7, 42),
(3945, 8, 42),
(3946, 9, 42),
(3947, 10, 42),
(3948, 11, 42),
(3949, 12, 42),
(3950, 13, 42),
(3951, 14, 42),
(3952, 15, 42),
(3953, 16, 42),
(3954, 17, 42),
(3955, 18, 42),
(3956, 19, 42),
(3957, 20, 42),
(3958, 1, 43),
(3959, 2, 43),
(3960, 3, 43),
(3961, 4, 43),
(3962, 5, 43),
(3963, 6, 43),
(3964, 7, 43),
(3965, 8, 43),
(3966, 9, 43),
(3967, 10, 43),
(3968, 11, 43),
(3969, 12, 43),
(3970, 13, 43),
(3971, 14, 43),
(3972, 15, 43),
(3973, 16, 43),
(3974, 17, 43),
(3975, 18, 43),
(3976, 19, 43),
(3977, 20, 43),
(3978, 1, 44),
(3979, 2, 44),
(3980, 3, 44),
(3981, 4, 44),
(3982, 5, 44),
(3983, 6, 44),
(3984, 7, 44),
(3985, 8, 44),
(3986, 9, 44),
(3987, 10, 44),
(3988, 11, 44),
(3989, 12, 44),
(3990, 13, 44),
(3991, 14, 44),
(3992, 15, 44),
(3993, 16, 44),
(3994, 17, 44),
(3995, 18, 44),
(3996, 19, 44),
(3997, 20, 44),
(3998, 1, 45),
(3999, 2, 45),
(4000, 3, 45),
(4001, 4, 45),
(4002, 5, 45),
(4003, 6, 45),
(4004, 7, 45),
(4005, 8, 45),
(4006, 9, 45),
(4007, 10, 45),
(4008, 11, 45),
(4009, 12, 45),
(4010, 13, 45),
(4011, 14, 45),
(4012, 15, 45),
(4013, 16, 45),
(4014, 17, 45),
(4015, 18, 45),
(4016, 19, 45),
(4017, 20, 45),
(4018, 1, 46),
(4019, 2, 46),
(4020, 3, 46),
(4021, 4, 46),
(4022, 5, 46),
(4023, 6, 46),
(4024, 7, 46),
(4025, 8, 46),
(4026, 9, 46),
(4027, 10, 46),
(4028, 11, 46),
(4029, 12, 46),
(4030, 13, 46),
(4031, 14, 46),
(4032, 15, 46),
(4033, 16, 46),
(4034, 17, 46),
(4035, 18, 46),
(4036, 19, 46),
(4037, 20, 46),
(4038, 1, 47),
(4039, 2, 47),
(4040, 3, 47),
(4041, 4, 47),
(4042, 5, 47),
(4043, 6, 47),
(4044, 7, 47),
(4045, 8, 47),
(4046, 9, 47),
(4047, 10, 47),
(4048, 11, 47),
(4049, 12, 47),
(4050, 13, 47),
(4051, 14, 47),
(4052, 15, 47),
(4053, 16, 47),
(4054, 17, 47),
(4055, 18, 47),
(4056, 19, 47),
(4057, 20, 47),
(4058, 1, 48),
(4059, 2, 48),
(4060, 3, 48),
(4061, 4, 48),
(4062, 5, 48),
(4063, 6, 48),
(4064, 7, 48),
(4065, 8, 48),
(4066, 9, 48),
(4067, 10, 48),
(4068, 11, 48),
(4069, 12, 48),
(4070, 13, 48),
(4071, 14, 48),
(4072, 15, 48),
(4073, 16, 48),
(4074, 17, 48),
(4075, 18, 48),
(4076, 19, 48),
(4077, 20, 48),
(4078, 1, 49),
(4079, 2, 49),
(4080, 3, 49),
(4081, 4, 49),
(4082, 5, 49),
(4083, 6, 49),
(4084, 7, 49),
(4085, 8, 49),
(4086, 9, 49),
(4087, 10, 49),
(4088, 11, 49),
(4089, 12, 49),
(4090, 13, 49),
(4091, 14, 49),
(4092, 15, 49),
(4093, 16, 49),
(4094, 17, 49),
(4095, 18, 49),
(4096, 19, 49),
(4097, 20, 49),
(4098, 1, 50),
(4099, 2, 50),
(4100, 3, 50),
(4101, 4, 50),
(4102, 5, 50),
(4103, 6, 50),
(4104, 7, 50),
(4105, 8, 50),
(4106, 9, 50),
(4107, 10, 50),
(4108, 11, 50),
(4109, 12, 50),
(4110, 13, 50),
(4111, 14, 50),
(4112, 15, 50),
(4113, 16, 50),
(4114, 17, 50),
(4115, 18, 50),
(4116, 19, 50),
(4117, 20, 50),
(4118, 1, 51),
(4119, 2, 51),
(4120, 3, 51),
(4121, 4, 51),
(4122, 5, 51),
(4123, 6, 51),
(4124, 7, 51),
(4125, 8, 51),
(4126, 9, 51),
(4127, 10, 51),
(4128, 11, 51),
(4129, 12, 51),
(4130, 13, 51),
(4131, 14, 51),
(4132, 15, 51),
(4133, 16, 51),
(4134, 17, 51),
(4135, 18, 51),
(4136, 19, 51),
(4137, 20, 51),
(4138, 1, 52),
(4139, 2, 52),
(4140, 3, 52),
(4141, 4, 52),
(4142, 5, 52),
(4143, 6, 52),
(4144, 7, 52),
(4145, 8, 52),
(4146, 9, 52),
(4147, 10, 52),
(4148, 11, 52),
(4149, 12, 52),
(4150, 13, 52),
(4151, 14, 52),
(4152, 15, 52),
(4153, 16, 52),
(4154, 17, 52),
(4155, 18, 52),
(4156, 19, 52),
(4157, 20, 52),
(4158, 1, 53),
(4159, 2, 53),
(4160, 3, 53),
(4161, 4, 53),
(4162, 5, 53),
(4163, 6, 53),
(4164, 7, 53),
(4165, 8, 53),
(4166, 9, 53),
(4167, 10, 53),
(4168, 11, 53),
(4169, 12, 53),
(4170, 13, 53),
(4171, 14, 53),
(4172, 15, 53),
(4173, 16, 53),
(4174, 17, 53),
(4175, 18, 53),
(4176, 19, 53),
(4177, 20, 53),
(4178, 1, 54),
(4179, 2, 54),
(4180, 3, 54),
(4181, 4, 54),
(4182, 5, 54),
(4183, 6, 54),
(4184, 7, 54),
(4185, 8, 54),
(4186, 9, 54),
(4187, 10, 54),
(4188, 11, 54),
(4189, 12, 54),
(4190, 13, 54),
(4191, 14, 54),
(4192, 15, 54),
(4193, 16, 54),
(4194, 17, 54),
(4195, 18, 54),
(4196, 19, 54),
(4197, 20, 54),
(4198, 1, 55),
(4199, 2, 55),
(4200, 3, 55),
(4201, 4, 55),
(4202, 5, 55),
(4203, 6, 55),
(4204, 7, 55),
(4205, 8, 55),
(4206, 9, 55),
(4207, 10, 55),
(4208, 11, 55),
(4209, 12, 55),
(4210, 13, 55),
(4211, 14, 55),
(4212, 15, 55),
(4213, 16, 55),
(4214, 17, 55),
(4215, 18, 55),
(4216, 19, 55),
(4217, 20, 55),
(4218, 1, 56),
(4219, 2, 56),
(4220, 3, 56),
(4221, 4, 56),
(4222, 5, 56),
(4223, 6, 56),
(4224, 7, 56),
(4225, 8, 56),
(4226, 9, 56),
(4227, 10, 56),
(4228, 11, 56),
(4229, 12, 56),
(4230, 13, 56),
(4231, 14, 56),
(4232, 15, 56),
(4233, 16, 56),
(4234, 17, 56),
(4235, 18, 56),
(4236, 19, 56),
(4237, 20, 56),
(4238, 1, 57),
(4239, 2, 57),
(4240, 3, 57),
(4241, 4, 57),
(4242, 5, 57),
(4243, 6, 57),
(4244, 7, 57),
(4245, 8, 57),
(4246, 9, 57),
(4247, 10, 57),
(4248, 11, 57),
(4249, 12, 57),
(4250, 13, 57),
(4251, 14, 57),
(4252, 15, 57),
(4253, 16, 57),
(4254, 17, 57),
(4255, 18, 57),
(4256, 19, 57),
(4257, 20, 57),
(4258, 1, 58),
(4259, 2, 58),
(4260, 3, 58),
(4261, 4, 58),
(4262, 5, 58),
(4263, 6, 58),
(4264, 7, 58),
(4265, 8, 58),
(4266, 9, 58),
(4267, 10, 58),
(4268, 11, 58),
(4269, 12, 58),
(4270, 13, 58),
(4271, 14, 58),
(4272, 15, 58),
(4273, 16, 58),
(4274, 17, 58),
(4275, 18, 58),
(4276, 19, 58),
(4277, 20, 58),
(4278, 1, 59),
(4279, 2, 59),
(4280, 3, 59),
(4281, 4, 59),
(4282, 5, 59),
(4283, 6, 59),
(4284, 7, 59),
(4285, 8, 59),
(4286, 9, 59),
(4287, 10, 59),
(4288, 11, 59),
(4289, 12, 59),
(4290, 13, 59),
(4291, 14, 59),
(4292, 15, 59),
(4293, 16, 59),
(4294, 17, 59),
(4295, 18, 59),
(4296, 19, 59),
(4297, 20, 59),
(4298, 1, 60),
(4299, 2, 60),
(4300, 3, 60),
(4301, 4, 60),
(4302, 5, 60),
(4303, 6, 60),
(4304, 7, 60),
(4305, 8, 60),
(4306, 9, 60),
(4307, 10, 60),
(4308, 11, 60),
(4309, 12, 60),
(4310, 13, 60),
(4311, 14, 60),
(4312, 15, 60),
(4313, 16, 60),
(4314, 17, 60),
(4315, 18, 60),
(4316, 19, 60),
(4317, 20, 60),
(4318, 1, 61),
(4319, 2, 61),
(4320, 3, 61),
(4321, 4, 61),
(4322, 5, 61),
(4323, 6, 61),
(4324, 7, 61),
(4325, 8, 61),
(4326, 9, 61),
(4327, 10, 61),
(4328, 11, 61),
(4329, 12, 61),
(4330, 13, 61),
(4331, 14, 61),
(4332, 15, 61),
(4333, 16, 61),
(4334, 17, 61),
(4335, 18, 61),
(4336, 19, 61),
(4337, 20, 61),
(4338, 1, 62),
(4339, 2, 62),
(4340, 3, 62),
(4341, 4, 62),
(4342, 5, 62),
(4343, 6, 62),
(4344, 7, 62),
(4345, 8, 62),
(4346, 9, 62),
(4347, 10, 62),
(4348, 11, 62),
(4349, 12, 62),
(4350, 13, 62),
(4351, 14, 62),
(4352, 15, 62),
(4353, 16, 62),
(4354, 17, 62),
(4355, 18, 62),
(4356, 19, 62),
(4357, 20, 62),
(4358, 1, 63),
(4359, 2, 63),
(4360, 3, 63),
(4361, 4, 63),
(4362, 5, 63),
(4363, 6, 63),
(4364, 7, 63),
(4365, 8, 63),
(4366, 9, 63),
(4367, 10, 63),
(4368, 11, 63),
(4369, 12, 63),
(4370, 13, 63),
(4371, 14, 63),
(4372, 15, 63),
(4373, 16, 63),
(4374, 17, 63),
(4375, 18, 63),
(4376, 19, 63),
(4377, 20, 63),
(4378, 1, 64),
(4379, 2, 64),
(4380, 3, 64),
(4381, 4, 64),
(4382, 5, 64),
(4383, 6, 64),
(4384, 7, 64),
(4385, 8, 64),
(4386, 9, 64),
(4387, 10, 64),
(4388, 11, 64),
(4389, 12, 64),
(4390, 13, 64),
(4391, 14, 64),
(4392, 15, 64),
(4393, 16, 64),
(4394, 17, 64),
(4395, 18, 64),
(4396, 19, 64),
(4397, 20, 64),
(4398, 1, 65),
(4399, 2, 65),
(4400, 3, 65),
(4401, 4, 65),
(4402, 5, 65),
(4403, 6, 65),
(4404, 7, 65),
(4405, 8, 65),
(4406, 9, 65),
(4407, 10, 65),
(4408, 11, 65),
(4409, 12, 65),
(4410, 13, 65),
(4411, 14, 65),
(4412, 15, 65),
(4413, 16, 65),
(4414, 17, 65),
(4415, 18, 65),
(4416, 19, 65),
(4417, 20, 65),
(4418, 1, 66),
(4419, 2, 66),
(4420, 3, 66),
(4421, 4, 66),
(4422, 5, 66),
(4423, 6, 66),
(4424, 7, 66),
(4425, 8, 66),
(4426, 9, 66),
(4427, 10, 66),
(4428, 11, 66),
(4429, 12, 66),
(4430, 13, 66),
(4431, 14, 66),
(4432, 15, 66),
(4433, 16, 66),
(4434, 17, 66),
(4435, 18, 66),
(4436, 19, 66),
(4437, 20, 66),
(4438, 1, 67),
(4439, 2, 67),
(4440, 3, 67),
(4441, 4, 67),
(4442, 5, 67),
(4443, 6, 67),
(4444, 7, 67),
(4445, 8, 67),
(4446, 9, 67),
(4447, 10, 67),
(4448, 11, 67),
(4449, 12, 67),
(4450, 13, 67),
(4451, 14, 67),
(4452, 15, 67),
(4453, 16, 67),
(4454, 17, 67),
(4455, 18, 67),
(4456, 19, 67),
(4457, 20, 67),
(4458, 1, 68),
(4459, 2, 68),
(4460, 3, 68),
(4461, 4, 68),
(4462, 5, 68),
(4463, 6, 68),
(4464, 7, 68),
(4465, 8, 68),
(4466, 9, 68),
(4467, 10, 68),
(4468, 11, 68),
(4469, 12, 68),
(4470, 13, 68),
(4471, 14, 68),
(4472, 15, 68),
(4473, 16, 68),
(4474, 17, 68),
(4475, 18, 68),
(4476, 19, 68),
(4477, 20, 68),
(4478, 1, 69),
(4479, 2, 69),
(4480, 3, 69),
(4481, 4, 69),
(4482, 5, 69),
(4483, 6, 69),
(4484, 7, 69),
(4485, 8, 69),
(4486, 9, 69),
(4487, 10, 69),
(4488, 11, 69),
(4489, 12, 69),
(4490, 13, 69),
(4491, 14, 69),
(4492, 15, 69),
(4493, 16, 69),
(4494, 17, 69),
(4495, 18, 69),
(4496, 19, 69),
(4497, 20, 69),
(4498, 1, 70),
(4499, 2, 70),
(4500, 3, 70),
(4501, 4, 70),
(4502, 5, 70),
(4503, 6, 70),
(4504, 7, 70),
(4505, 8, 70),
(4506, 9, 70),
(4507, 10, 70),
(4508, 11, 70),
(4509, 12, 70),
(4510, 13, 70),
(4511, 14, 70),
(4512, 15, 70),
(4513, 16, 70),
(4514, 17, 70),
(4515, 18, 70),
(4516, 19, 70),
(4517, 20, 70),
(4518, 1, 71),
(4519, 2, 71),
(4520, 3, 71),
(4521, 4, 71),
(4522, 5, 71),
(4523, 6, 71),
(4524, 7, 71),
(4525, 8, 71),
(4526, 9, 71),
(4527, 10, 71),
(4528, 11, 71),
(4529, 12, 71),
(4530, 13, 71),
(4531, 14, 71),
(4532, 15, 71),
(4533, 16, 71),
(4534, 17, 71),
(4535, 18, 71),
(4536, 19, 71),
(4537, 20, 71),
(4538, 1, 72),
(4539, 2, 72),
(4540, 3, 72),
(4541, 4, 72),
(4542, 5, 72),
(4543, 6, 72),
(4544, 7, 72),
(4545, 8, 72),
(4546, 9, 72),
(4547, 10, 72),
(4548, 11, 72),
(4549, 12, 72),
(4550, 13, 72),
(4551, 14, 72),
(4552, 15, 72),
(4553, 16, 72),
(4554, 17, 72),
(4555, 18, 72),
(4556, 19, 72),
(4557, 20, 72),
(4558, 1, 73),
(4559, 2, 73),
(4560, 3, 73),
(4561, 4, 73),
(4562, 5, 73),
(4563, 6, 73),
(4564, 7, 73),
(4565, 8, 73),
(4566, 9, 73),
(4567, 10, 73),
(4568, 11, 73),
(4569, 12, 73),
(4570, 13, 73),
(4571, 14, 73),
(4572, 15, 73),
(4573, 16, 73),
(4574, 17, 73),
(4575, 18, 73),
(4576, 19, 73),
(4577, 20, 73),
(4578, 1, 74),
(4579, 2, 74),
(4580, 3, 74),
(4581, 4, 74),
(4582, 5, 74),
(4583, 6, 74),
(4584, 7, 74),
(4585, 8, 74),
(4586, 9, 74),
(4587, 10, 74),
(4588, 11, 74),
(4589, 12, 74),
(4590, 13, 74),
(4591, 14, 74),
(4592, 15, 74),
(4593, 16, 74),
(4594, 17, 74),
(4595, 18, 74),
(4596, 19, 74),
(4597, 20, 74),
(4598, 1, 75),
(4599, 2, 75),
(4600, 3, 75),
(4601, 4, 75),
(4602, 5, 75),
(4603, 6, 75),
(4604, 7, 75),
(4605, 8, 75),
(4606, 9, 75),
(4607, 10, 75),
(4608, 11, 75),
(4609, 12, 75),
(4610, 13, 75),
(4611, 14, 75),
(4612, 15, 75),
(4613, 16, 75),
(4614, 17, 75),
(4615, 18, 75),
(4616, 19, 75),
(4617, 20, 75),
(4618, 1, 76),
(4619, 2, 76),
(4620, 3, 76),
(4621, 4, 76),
(4622, 5, 76),
(4623, 6, 76),
(4624, 7, 76),
(4625, 8, 76),
(4626, 9, 76),
(4627, 10, 76),
(4628, 11, 76),
(4629, 12, 76),
(4630, 13, 76),
(4631, 14, 76),
(4632, 15, 76),
(4633, 16, 76),
(4634, 17, 76),
(4635, 18, 76),
(4636, 19, 76),
(4637, 20, 76),
(4638, 21, 76),
(4639, 22, 76),
(4640, 1, 77),
(4641, 2, 77),
(4642, 3, 77),
(4643, 4, 77),
(4644, 5, 77),
(4645, 6, 77),
(4646, 7, 77),
(4647, 8, 77),
(4648, 9, 77),
(4649, 10, 77),
(4650, 11, 77),
(4651, 12, 77),
(4652, 13, 77),
(4653, 14, 77),
(4654, 15, 77),
(4655, 16, 77),
(4656, 17, 77),
(4657, 18, 77),
(4658, 19, 77),
(4659, 20, 77),
(4660, 21, 77),
(4661, 22, 77),
(4662, 1, 78),
(4663, 2, 78),
(4664, 3, 78),
(4665, 4, 78),
(4666, 5, 78),
(4667, 6, 78),
(4668, 7, 78),
(4669, 8, 78),
(4670, 9, 78),
(4671, 10, 78),
(4672, 11, 78),
(4673, 12, 78),
(4674, 13, 78),
(4675, 14, 78),
(4676, 15, 78),
(4677, 16, 78),
(4678, 17, 78),
(4679, 18, 78),
(4680, 19, 78),
(4681, 20, 78),
(4682, 21, 78),
(4683, 22, 78),
(4684, 1, 79),
(4685, 2, 79),
(4686, 3, 79),
(4687, 4, 79),
(4688, 5, 79),
(4689, 6, 79),
(4690, 7, 79),
(4691, 8, 79),
(4692, 9, 79),
(4693, 10, 79),
(4694, 11, 79),
(4695, 12, 79),
(4696, 13, 79),
(4697, 14, 79),
(4698, 15, 79),
(4699, 16, 79),
(4700, 17, 79),
(4701, 18, 79),
(4702, 19, 79),
(4703, 20, 79),
(4704, 21, 79),
(4705, 22, 79),
(4706, 1, 80),
(4707, 2, 80),
(4708, 3, 80),
(4709, 4, 80),
(4710, 5, 80),
(4711, 6, 80),
(4712, 7, 80),
(4713, 8, 80),
(4714, 9, 80),
(4715, 10, 80),
(4716, 11, 80),
(4717, 12, 80),
(4718, 13, 80),
(4719, 14, 80),
(4720, 15, 80),
(4721, 16, 80),
(4722, 17, 80),
(4723, 18, 80),
(4724, 19, 80),
(4725, 20, 80),
(4726, 21, 80),
(4727, 22, 80),
(4728, 1, 81),
(4729, 2, 81),
(4730, 3, 81),
(4731, 4, 81),
(4732, 5, 81),
(4733, 6, 81),
(4734, 7, 81),
(4735, 8, 81),
(4736, 9, 81),
(4737, 10, 81),
(4738, 11, 81),
(4739, 12, 81),
(4740, 13, 81),
(4741, 14, 81),
(4742, 15, 81),
(4743, 16, 81),
(4744, 17, 81),
(4745, 18, 81),
(4746, 19, 81),
(4747, 20, 81),
(4748, 21, 81),
(4749, 22, 81),
(4750, 1, 82),
(4751, 2, 82),
(4752, 3, 82),
(4753, 4, 82),
(4754, 5, 82),
(4755, 6, 82),
(4756, 7, 82),
(4757, 8, 82),
(4758, 9, 82),
(4759, 10, 82),
(4760, 11, 82),
(4761, 12, 82),
(4762, 13, 82),
(4763, 14, 82),
(4764, 15, 82),
(4765, 16, 82),
(4766, 17, 82),
(4767, 18, 82),
(4768, 19, 82),
(4769, 20, 82),
(4770, 21, 82),
(4771, 22, 82),
(4772, 1, 83),
(4773, 2, 83),
(4774, 3, 83),
(4775, 4, 83),
(4776, 5, 83),
(4777, 6, 83),
(4778, 7, 83),
(4779, 8, 83),
(4780, 9, 83),
(4781, 10, 83),
(4782, 11, 83),
(4783, 12, 83),
(4784, 13, 83),
(4785, 14, 83),
(4786, 15, 83),
(4787, 16, 83),
(4788, 17, 83),
(4789, 18, 83),
(4790, 19, 83),
(4791, 20, 83),
(4792, 21, 83),
(4793, 22, 83),
(4794, 1, 84),
(4795, 2, 84),
(4796, 3, 84),
(4797, 4, 84),
(4798, 5, 84),
(4799, 6, 84),
(4800, 7, 84),
(4801, 8, 84),
(4802, 9, 84),
(4803, 10, 84),
(4804, 11, 84),
(4805, 12, 84),
(4806, 13, 84),
(4807, 14, 84),
(4808, 15, 84),
(4809, 16, 84),
(4810, 17, 84),
(4811, 18, 84),
(4812, 19, 84),
(4813, 20, 84),
(4814, 21, 84),
(4815, 22, 84),
(4816, 1, 85),
(4817, 2, 85),
(4818, 3, 85),
(4819, 4, 85),
(4820, 5, 85),
(4821, 6, 85),
(4822, 7, 85),
(4823, 8, 85),
(4824, 9, 85),
(4825, 10, 85),
(4826, 11, 85),
(4827, 12, 85),
(4828, 13, 85),
(4829, 14, 85),
(4830, 15, 85),
(4831, 16, 85),
(4832, 17, 85),
(4833, 18, 85),
(4834, 19, 85),
(4835, 20, 85),
(4836, 21, 85),
(4837, 22, 85),
(4838, 1, 86),
(4839, 2, 86),
(4840, 3, 86),
(4841, 4, 86),
(4842, 5, 86),
(4843, 6, 86),
(4844, 7, 86),
(4845, 8, 86),
(4846, 9, 86),
(4847, 10, 86),
(4848, 11, 86),
(4849, 12, 86),
(4850, 13, 86),
(4851, 14, 86),
(4852, 15, 86),
(4853, 16, 86),
(4854, 17, 86),
(4855, 18, 86),
(4856, 19, 86),
(4857, 20, 86),
(4858, 21, 86),
(4859, 22, 86),
(4860, 1, 87),
(4861, 2, 87),
(4862, 3, 87),
(4863, 4, 87),
(4864, 5, 87),
(4865, 6, 87),
(4866, 7, 87),
(4867, 8, 87),
(4868, 9, 87),
(4869, 10, 87),
(4870, 11, 87),
(4871, 12, 87),
(4872, 13, 87),
(4873, 14, 87),
(4874, 15, 87),
(4875, 16, 87),
(4876, 17, 87),
(4877, 18, 87),
(4878, 19, 87),
(4879, 20, 87),
(4880, 21, 87),
(4881, 22, 87),
(4882, 1, 88),
(4883, 2, 88),
(4884, 3, 88),
(4885, 4, 88),
(4886, 5, 88),
(4887, 6, 88),
(4888, 7, 88),
(4889, 8, 88),
(4890, 9, 88),
(4891, 10, 88),
(4892, 11, 88),
(4893, 12, 88),
(4894, 13, 88),
(4895, 14, 88),
(4896, 15, 88),
(4897, 16, 88),
(4898, 17, 88),
(4899, 18, 88),
(4900, 19, 88),
(4901, 20, 88),
(4902, 21, 88),
(4903, 22, 88),
(4904, 1, 89),
(4905, 2, 89),
(4906, 3, 89),
(4907, 4, 89),
(4908, 5, 89),
(4909, 6, 89),
(4910, 7, 89),
(4911, 8, 89),
(4912, 9, 89),
(4913, 10, 89),
(4914, 11, 89),
(4915, 12, 89),
(4916, 13, 89),
(4917, 14, 89),
(4918, 15, 89),
(4919, 16, 89),
(4920, 17, 89),
(4921, 18, 89),
(4922, 19, 89),
(4923, 20, 89),
(4924, 21, 89),
(4925, 22, 89),
(4926, 1, 90),
(4927, 2, 90),
(4928, 3, 90),
(4929, 4, 90),
(4930, 5, 90),
(4931, 6, 90),
(4932, 7, 90),
(4933, 8, 90),
(4934, 9, 90),
(4935, 10, 90),
(4936, 11, 90),
(4937, 12, 90),
(4938, 13, 90),
(4939, 14, 90),
(4940, 15, 90),
(4941, 16, 90),
(4942, 17, 90),
(4943, 18, 90),
(4944, 19, 90),
(4945, 20, 90),
(4946, 21, 90),
(4947, 22, 90),
(4948, 1, 91),
(4949, 2, 91),
(4950, 3, 91),
(4951, 4, 91),
(4952, 5, 91),
(4953, 6, 91),
(4954, 7, 91),
(4955, 8, 91),
(4956, 9, 91),
(4957, 10, 91),
(4958, 11, 91),
(4959, 12, 91),
(4960, 13, 91),
(4961, 14, 91),
(4962, 15, 91),
(4963, 16, 91),
(4964, 17, 91),
(4965, 18, 91),
(4966, 19, 91),
(4967, 20, 91),
(4968, 21, 91),
(4969, 22, 91),
(4970, 1, 92),
(4971, 2, 92),
(4972, 3, 92),
(4973, 4, 92),
(4974, 5, 92),
(4975, 6, 92),
(4976, 7, 92),
(4977, 8, 92),
(4978, 9, 92),
(4979, 10, 92),
(4980, 11, 92),
(4981, 12, 92),
(4982, 13, 92),
(4983, 14, 92),
(4984, 15, 92),
(4985, 16, 92),
(4986, 17, 92),
(4987, 18, 92),
(4988, 19, 92),
(4989, 20, 92),
(4990, 21, 92),
(4991, 22, 92),
(4992, 1, 93),
(4993, 2, 93),
(4994, 3, 93),
(4995, 4, 93),
(4996, 5, 93),
(4997, 6, 93),
(4998, 7, 93),
(4999, 8, 93),
(5000, 9, 93),
(5001, 10, 93),
(5002, 11, 93),
(5003, 12, 93),
(5004, 13, 93),
(5005, 14, 93),
(5006, 15, 93),
(5007, 16, 93),
(5008, 17, 93),
(5009, 18, 93),
(5010, 19, 93),
(5011, 20, 93),
(5012, 21, 93),
(5013, 22, 93),
(5014, 1, 94),
(5015, 2, 94),
(5016, 3, 94),
(5017, 4, 94),
(5018, 5, 94),
(5019, 6, 94),
(5020, 7, 94),
(5021, 8, 94),
(5022, 9, 94),
(5023, 10, 94),
(5024, 11, 94),
(5025, 12, 94),
(5026, 13, 94),
(5027, 14, 94),
(5028, 15, 94),
(5029, 16, 94),
(5030, 17, 94),
(5031, 18, 94),
(5032, 19, 94),
(5033, 20, 94),
(5034, 21, 94),
(5035, 22, 94),
(5036, 1, 95),
(5037, 2, 95),
(5038, 3, 95),
(5039, 4, 95),
(5040, 5, 95),
(5041, 6, 95),
(5042, 7, 95),
(5043, 8, 95),
(5044, 9, 95),
(5045, 10, 95),
(5046, 11, 95),
(5047, 12, 95),
(5048, 13, 95),
(5049, 14, 95),
(5050, 15, 95),
(5051, 16, 95),
(5052, 17, 95),
(5053, 18, 95),
(5054, 19, 95),
(5055, 20, 95),
(5056, 21, 95),
(5057, 22, 95),
(5058, 1, 96),
(5059, 2, 96),
(5060, 3, 96),
(5061, 4, 96),
(5062, 5, 96),
(5063, 6, 96),
(5064, 7, 96),
(5065, 8, 96),
(5066, 9, 96),
(5067, 10, 96),
(5068, 11, 96),
(5069, 12, 96),
(5070, 13, 96),
(5071, 14, 96),
(5072, 15, 96),
(5073, 16, 96),
(5074, 17, 96),
(5075, 18, 96),
(5076, 19, 96),
(5077, 20, 96),
(5078, 21, 96),
(5079, 22, 96),
(5080, 1, 97),
(5081, 2, 97),
(5082, 3, 97),
(5083, 4, 97),
(5084, 5, 97),
(5085, 6, 97),
(5086, 7, 97),
(5087, 8, 97),
(5088, 9, 97),
(5089, 10, 97),
(5090, 11, 97),
(5091, 12, 97),
(5092, 13, 97),
(5093, 14, 97),
(5094, 15, 97),
(5095, 16, 97),
(5096, 17, 97),
(5097, 18, 97),
(5098, 19, 97),
(5099, 20, 97),
(5100, 21, 97),
(5101, 22, 97),
(5102, 1, 98),
(5103, 2, 98),
(5104, 3, 98),
(5105, 4, 98),
(5106, 5, 98),
(5107, 6, 98),
(5108, 7, 98),
(5109, 8, 98),
(5110, 9, 98),
(5111, 10, 98),
(5112, 11, 98),
(5113, 12, 98),
(5114, 13, 98),
(5115, 14, 98),
(5116, 15, 98),
(5117, 16, 98),
(5118, 17, 98),
(5119, 18, 98),
(5120, 19, 98),
(5121, 20, 98),
(5122, 21, 98),
(5123, 22, 98),
(5124, 1, 99),
(5125, 2, 99),
(5126, 3, 99),
(5127, 4, 99),
(5128, 5, 99),
(5129, 6, 99),
(5130, 7, 99),
(5131, 8, 99),
(5132, 9, 99),
(5133, 10, 99),
(5134, 11, 99),
(5135, 12, 99),
(5136, 13, 99),
(5137, 14, 99),
(5138, 15, 99),
(5139, 16, 99),
(5140, 17, 99),
(5141, 18, 99),
(5142, 19, 99),
(5143, 20, 99),
(5144, 21, 99),
(5145, 22, 99),
(5146, 1, 100),
(5147, 2, 100),
(5148, 3, 100),
(5149, 4, 100),
(5150, 5, 100),
(5151, 6, 100),
(5152, 7, 100),
(5153, 8, 100),
(5154, 9, 100),
(5155, 10, 100),
(5156, 11, 100),
(5157, 12, 100),
(5158, 13, 100),
(5159, 14, 100),
(5160, 15, 100),
(5161, 16, 100),
(5162, 17, 100),
(5163, 18, 100),
(5164, 19, 100),
(5165, 20, 100),
(5166, 21, 100),
(5167, 22, 100),
(5168, 1, 101),
(5169, 2, 101),
(5170, 3, 101),
(5171, 4, 101),
(5172, 5, 101),
(5173, 6, 101),
(5174, 7, 101),
(5175, 8, 101),
(5176, 9, 101),
(5177, 10, 101),
(5178, 11, 101),
(5179, 12, 101),
(5180, 13, 101),
(5181, 14, 101),
(5182, 15, 101),
(5183, 16, 101),
(5184, 17, 101),
(5185, 18, 101),
(5186, 19, 101),
(5187, 20, 101),
(5188, 21, 101),
(5189, 22, 101),
(5190, 1, 102),
(5191, 2, 102),
(5192, 3, 102),
(5193, 4, 102),
(5194, 5, 102),
(5195, 6, 102),
(5196, 7, 102),
(5197, 8, 102),
(5198, 9, 102),
(5199, 10, 102),
(5200, 11, 102),
(5201, 12, 102),
(5202, 13, 102),
(5203, 14, 102),
(5204, 15, 102),
(5205, 16, 102),
(5206, 17, 102),
(5207, 18, 102),
(5208, 19, 102),
(5209, 20, 102),
(5210, 21, 102),
(5211, 22, 102),
(5212, 1, 103),
(5213, 2, 103),
(5214, 3, 103),
(5215, 4, 103),
(5216, 5, 103),
(5217, 6, 103),
(5218, 7, 103),
(5219, 8, 103),
(5220, 9, 103),
(5221, 10, 103),
(5222, 11, 103),
(5223, 12, 103),
(5224, 13, 103),
(5225, 14, 103),
(5226, 15, 103),
(5227, 16, 103),
(5228, 17, 103),
(5229, 18, 103),
(5230, 19, 103),
(5231, 20, 103),
(5232, 21, 103),
(5233, 22, 103),
(5234, 1, 104),
(5235, 2, 104),
(5236, 3, 104),
(5237, 4, 104),
(5238, 5, 104),
(5239, 6, 104),
(5240, 7, 104),
(5241, 8, 104),
(5242, 9, 104),
(5243, 10, 104),
(5244, 11, 104),
(5245, 12, 104),
(5246, 13, 104),
(5247, 14, 104),
(5248, 15, 104),
(5249, 16, 104),
(5250, 17, 104),
(5251, 18, 104),
(5252, 19, 104),
(5253, 20, 104),
(5254, 21, 104),
(5255, 22, 104),
(5256, 1, 105),
(5257, 2, 105),
(5258, 3, 105),
(5259, 4, 105),
(5260, 5, 105),
(5261, 6, 105),
(5262, 7, 105),
(5263, 8, 105),
(5264, 9, 105),
(5265, 10, 105),
(5266, 11, 105),
(5267, 12, 105),
(5268, 13, 105),
(5269, 14, 105),
(5270, 15, 105),
(5271, 16, 105),
(5272, 17, 105),
(5273, 18, 105),
(5274, 19, 105),
(5275, 20, 105),
(5276, 21, 105),
(5277, 22, 105),
(5278, 1, 106),
(5279, 2, 106),
(5280, 3, 106),
(5281, 4, 106),
(5282, 5, 106),
(5283, 6, 106),
(5284, 7, 106),
(5285, 8, 106),
(5286, 9, 106),
(5287, 10, 106),
(5288, 11, 106),
(5289, 12, 106),
(5290, 13, 106),
(5291, 14, 106),
(5292, 15, 106),
(5293, 16, 106),
(5294, 17, 106),
(5295, 18, 106),
(5296, 19, 106),
(5297, 20, 106),
(5298, 21, 106),
(5299, 22, 106),
(5300, 1, 107),
(5301, 2, 107),
(5302, 3, 107),
(5303, 4, 107),
(5304, 5, 107),
(5305, 6, 107),
(5306, 7, 107),
(5307, 8, 107),
(5308, 9, 107),
(5309, 10, 107),
(5310, 11, 107),
(5311, 12, 107),
(5312, 13, 107),
(5313, 14, 107),
(5314, 15, 107),
(5315, 16, 107),
(5316, 17, 107),
(5317, 18, 107),
(5318, 19, 107),
(5319, 20, 107),
(5320, 21, 107),
(5321, 22, 107),
(5322, 1, 108),
(5323, 2, 108),
(5324, 3, 108),
(5325, 4, 108),
(5326, 5, 108),
(5327, 6, 108),
(5328, 7, 108),
(5329, 8, 108),
(5330, 9, 108),
(5331, 10, 108),
(5332, 11, 108),
(5333, 12, 108),
(5334, 13, 108),
(5335, 14, 108),
(5336, 15, 108),
(5337, 16, 108),
(5338, 17, 108),
(5339, 18, 108),
(5340, 19, 108),
(5341, 20, 108),
(5342, 21, 108),
(5343, 22, 108),
(5344, 1, 109),
(5345, 2, 109),
(5346, 3, 109),
(5347, 4, 109),
(5348, 5, 109),
(5349, 6, 109),
(5350, 7, 109),
(5351, 8, 109),
(5352, 9, 109),
(5353, 10, 109),
(5354, 11, 109),
(5355, 12, 109),
(5356, 13, 109),
(5357, 14, 109),
(5358, 15, 109),
(5359, 16, 109),
(5360, 17, 109),
(5361, 18, 109),
(5362, 19, 109),
(5363, 20, 109),
(5364, 21, 109),
(5365, 22, 109),
(5366, 1, 110),
(5367, 2, 110),
(5368, 3, 110),
(5369, 4, 110),
(5370, 5, 110),
(5371, 6, 110),
(5372, 7, 110),
(5373, 8, 110),
(5374, 9, 110),
(5375, 10, 110),
(5376, 11, 110),
(5377, 12, 110),
(5378, 13, 110),
(5379, 14, 110),
(5380, 15, 110),
(5381, 16, 110),
(5382, 17, 110),
(5383, 18, 110),
(5384, 19, 110),
(5385, 20, 110),
(5386, 21, 110),
(5387, 22, 110),
(5388, 1, 111),
(5389, 2, 111),
(5390, 3, 111),
(5391, 4, 111),
(5392, 5, 111),
(5393, 6, 111),
(5394, 7, 111),
(5395, 8, 111),
(5396, 9, 111),
(5397, 10, 111),
(5398, 11, 111),
(5399, 12, 111),
(5400, 13, 111),
(5401, 14, 111),
(5402, 15, 111),
(5403, 16, 111),
(5404, 17, 111),
(5405, 18, 111),
(5406, 19, 111),
(5407, 20, 111),
(5408, 21, 111),
(5409, 22, 111),
(5410, 1, 112),
(5411, 2, 112),
(5412, 3, 112),
(5413, 4, 112),
(5414, 5, 112),
(5415, 6, 112),
(5416, 7, 112),
(5417, 8, 112),
(5418, 9, 112),
(5419, 10, 112),
(5420, 11, 112),
(5421, 12, 112),
(5422, 13, 112),
(5423, 14, 112),
(5424, 15, 112),
(5425, 16, 112),
(5426, 17, 112),
(5427, 18, 112),
(5428, 19, 112),
(5429, 20, 112),
(5430, 21, 112),
(5431, 22, 112),
(5432, 1, 113),
(5433, 2, 113),
(5434, 3, 113),
(5435, 4, 113),
(5436, 5, 113),
(5437, 6, 113),
(5438, 7, 113),
(5439, 8, 113),
(5440, 9, 113),
(5441, 10, 113),
(5442, 11, 113),
(5443, 12, 113),
(5444, 13, 113),
(5445, 14, 113),
(5446, 15, 113),
(5447, 16, 113),
(5448, 17, 113),
(5449, 18, 113),
(5450, 19, 113),
(5451, 20, 113),
(5452, 21, 113),
(5453, 22, 113),
(5454, 1, 114),
(5455, 2, 114),
(5456, 3, 114),
(5457, 4, 114),
(5458, 5, 114),
(5459, 6, 114),
(5460, 7, 114),
(5461, 8, 114),
(5462, 9, 114),
(5463, 10, 114),
(5464, 11, 114),
(5465, 12, 114),
(5466, 13, 114),
(5467, 14, 114),
(5468, 15, 114),
(5469, 16, 114),
(5470, 17, 114),
(5471, 18, 114),
(5472, 19, 114),
(5473, 20, 114),
(5474, 21, 114),
(5475, 22, 114),
(5476, 1, 115),
(5477, 2, 115),
(5478, 3, 115),
(5479, 4, 115),
(5480, 5, 115),
(5481, 6, 115),
(5482, 7, 115),
(5483, 8, 115),
(5484, 9, 115),
(5485, 10, 115),
(5486, 11, 115),
(5487, 12, 115),
(5488, 13, 115),
(5489, 14, 115),
(5490, 15, 115),
(5491, 16, 115),
(5492, 17, 115),
(5493, 18, 115),
(5494, 19, 115),
(5495, 20, 115),
(5496, 21, 115),
(5497, 22, 115),
(5498, 1, 116),
(5499, 2, 116),
(5500, 3, 116),
(5501, 4, 116),
(5502, 5, 116),
(5503, 6, 116),
(5504, 7, 116),
(5505, 8, 116),
(5506, 9, 116),
(5507, 10, 116),
(5508, 11, 116),
(5509, 12, 116),
(5510, 13, 116),
(5511, 14, 116),
(5512, 15, 116),
(5513, 16, 116),
(5514, 17, 116),
(5515, 18, 116),
(5516, 19, 116),
(5517, 20, 116),
(5518, 21, 116),
(5519, 22, 116),
(5520, 1, 117),
(5521, 2, 117),
(5522, 3, 117),
(5523, 4, 117),
(5524, 5, 117),
(5525, 6, 117),
(5526, 7, 117),
(5527, 8, 117),
(5528, 9, 117),
(5529, 10, 117),
(5530, 11, 117),
(5531, 12, 117),
(5532, 13, 117),
(5533, 14, 117),
(5534, 15, 117),
(5535, 16, 117),
(5536, 17, 117),
(5537, 18, 117),
(5538, 19, 117),
(5539, 20, 117),
(5540, 21, 117),
(5541, 22, 117),
(5542, 1, 118),
(5543, 2, 118),
(5544, 3, 118),
(5545, 4, 118),
(5546, 5, 118),
(5547, 6, 118),
(5548, 7, 118),
(5549, 8, 118),
(5550, 9, 118),
(5551, 10, 118),
(5552, 11, 118),
(5553, 12, 118),
(5554, 13, 118),
(5555, 14, 118),
(5556, 15, 118),
(5557, 16, 118),
(5558, 17, 118),
(5559, 18, 118),
(5560, 19, 118),
(5561, 20, 118),
(5562, 21, 118),
(5563, 22, 118),
(5564, 1, 119),
(5565, 2, 119),
(5566, 3, 119),
(5567, 4, 119),
(5568, 5, 119),
(5569, 6, 119),
(5570, 7, 119),
(5571, 8, 119),
(5572, 9, 119),
(5573, 10, 119),
(5574, 11, 119),
(5575, 12, 119),
(5576, 13, 119),
(5577, 14, 119),
(5578, 15, 119),
(5579, 16, 119),
(5580, 17, 119),
(5581, 18, 119),
(5582, 19, 119),
(5583, 20, 119),
(5584, 21, 119),
(5585, 22, 119),
(5586, 1, 120),
(5587, 2, 120),
(5588, 3, 120),
(5589, 4, 120),
(5590, 5, 120),
(5591, 6, 120),
(5592, 7, 120),
(5593, 8, 120),
(5594, 9, 120),
(5595, 10, 120),
(5596, 11, 120),
(5597, 12, 120),
(5598, 13, 120),
(5599, 14, 120),
(5600, 15, 120),
(5601, 16, 120),
(5602, 17, 120),
(5603, 18, 120),
(5604, 19, 120),
(5605, 20, 120),
(5606, 21, 120),
(5607, 22, 120),
(5608, 1, 121),
(5609, 2, 121),
(5610, 3, 121),
(5611, 4, 121),
(5612, 5, 121),
(5613, 6, 121),
(5614, 7, 121),
(5615, 8, 121),
(5616, 9, 121),
(5617, 10, 121),
(5618, 11, 121),
(5619, 12, 121),
(5620, 13, 121),
(5621, 14, 121),
(5622, 15, 121),
(5623, 16, 121),
(5624, 17, 121),
(5625, 18, 121),
(5626, 19, 121),
(5627, 20, 121),
(5628, 21, 121),
(5629, 22, 121),
(5630, 1, 122),
(5631, 2, 122),
(5632, 3, 122),
(5633, 4, 122),
(5634, 5, 122),
(5635, 6, 122),
(5636, 7, 122),
(5637, 8, 122),
(5638, 9, 122),
(5639, 10, 122),
(5640, 11, 122),
(5641, 12, 122),
(5642, 13, 122),
(5643, 14, 122),
(5644, 15, 122),
(5645, 16, 122),
(5646, 17, 122),
(5647, 18, 122),
(5648, 19, 122),
(5649, 20, 122),
(5650, 21, 122),
(5651, 22, 122),
(5652, 1, 123),
(5653, 2, 123),
(5654, 3, 123),
(5655, 4, 123),
(5656, 5, 123),
(5657, 6, 123),
(5658, 7, 123),
(5659, 8, 123),
(5660, 9, 123),
(5661, 10, 123),
(5662, 11, 123),
(5663, 12, 123),
(5664, 13, 123),
(5665, 14, 123),
(5666, 15, 123),
(5667, 16, 123),
(5668, 17, 123),
(5669, 18, 123),
(5670, 19, 123),
(5671, 20, 123),
(5672, 21, 123),
(5673, 22, 123),
(5674, 1, 124),
(5675, 2, 124),
(5676, 3, 124),
(5677, 4, 124),
(5678, 5, 124),
(5679, 6, 124),
(5680, 7, 124),
(5681, 8, 124),
(5682, 9, 124),
(5683, 10, 124),
(5684, 11, 124),
(5685, 12, 124),
(5686, 13, 124),
(5687, 14, 124),
(5688, 15, 124),
(5689, 16, 124),
(5690, 17, 124),
(5691, 18, 124),
(5692, 19, 124),
(5693, 20, 124),
(5694, 21, 124),
(5695, 22, 124),
(5696, 1, 125),
(5697, 2, 125),
(5698, 3, 125),
(5699, 4, 125),
(5700, 5, 125),
(5701, 6, 125),
(5702, 7, 125),
(5703, 8, 125),
(5704, 9, 125),
(5705, 10, 125),
(5706, 11, 125),
(5707, 12, 125),
(5708, 13, 125),
(5709, 14, 125),
(5710, 15, 125),
(5711, 16, 125),
(5712, 17, 125),
(5713, 18, 125),
(5714, 19, 125),
(5715, 20, 125),
(5716, 21, 125),
(5717, 22, 125),
(5718, 1, 126),
(5719, 2, 126),
(5720, 3, 126),
(5721, 4, 126),
(5722, 5, 126),
(5723, 6, 126),
(5724, 7, 126),
(5725, 8, 126),
(5726, 9, 126),
(5727, 10, 126),
(5728, 11, 126),
(5729, 12, 126),
(5730, 13, 126),
(5731, 14, 126),
(5732, 15, 126),
(5733, 16, 126),
(5734, 17, 126),
(5735, 18, 126),
(5736, 19, 126),
(5737, 20, 126),
(5738, 21, 126),
(5739, 22, 126),
(5740, 1, 127),
(5741, 2, 127),
(5742, 3, 127),
(5743, 4, 127),
(5744, 5, 127),
(5745, 6, 127),
(5746, 7, 127),
(5747, 8, 127),
(5748, 9, 127),
(5749, 10, 127),
(5750, 11, 127),
(5751, 12, 127),
(5752, 13, 127),
(5753, 14, 127),
(5754, 15, 127),
(5755, 16, 127),
(5756, 17, 127),
(5757, 18, 127),
(5758, 19, 127),
(5759, 20, 127),
(5760, 21, 127),
(5761, 22, 127),
(5762, 1, 128),
(5763, 2, 128),
(5764, 3, 128),
(5765, 4, 128),
(5766, 5, 128),
(5767, 6, 128),
(5768, 7, 128),
(5769, 8, 128),
(5770, 9, 128),
(5771, 10, 128),
(5772, 11, 128),
(5773, 12, 128),
(5774, 13, 128),
(5775, 14, 128),
(5776, 15, 128),
(5777, 16, 128),
(5778, 17, 128),
(5779, 18, 128),
(5780, 19, 128),
(5781, 20, 128),
(5782, 21, 128),
(5783, 22, 128),
(5784, 1, 129),
(5785, 2, 129),
(5786, 3, 129),
(5787, 4, 129),
(5788, 5, 129),
(5789, 6, 129),
(5790, 7, 129),
(5791, 8, 129),
(5792, 9, 129),
(5793, 10, 129),
(5794, 11, 129),
(5795, 12, 129),
(5796, 13, 129),
(5797, 14, 129),
(5798, 15, 129),
(5799, 16, 129),
(5800, 17, 129),
(5801, 18, 129),
(5802, 19, 129),
(5803, 20, 129),
(5804, 21, 129),
(5805, 22, 129),
(5806, 1, 130),
(5807, 2, 130),
(5808, 3, 130),
(5809, 4, 130),
(5810, 5, 130),
(5811, 6, 130),
(5812, 7, 130),
(5813, 8, 130),
(5814, 9, 130),
(5815, 10, 130),
(5816, 11, 130),
(5817, 12, 130),
(5818, 13, 130),
(5819, 14, 130),
(5820, 15, 130),
(5821, 16, 130),
(5822, 17, 130),
(5823, 18, 130),
(5824, 19, 130),
(5825, 20, 130),
(5826, 21, 130),
(5827, 22, 130),
(5828, 1, 131),
(5829, 2, 131),
(5830, 3, 131),
(5831, 4, 131),
(5832, 5, 131),
(5833, 6, 131),
(5834, 7, 131),
(5835, 8, 131),
(5836, 9, 131),
(5837, 10, 131),
(5838, 11, 131),
(5839, 12, 131),
(5840, 13, 131),
(5841, 14, 131),
(5842, 15, 131),
(5843, 16, 131),
(5844, 17, 131),
(5845, 18, 131),
(5846, 19, 131),
(5847, 20, 131),
(5848, 21, 131),
(5849, 22, 131),
(5850, 1, 132),
(5851, 2, 132),
(5852, 3, 132),
(5853, 4, 132),
(5854, 5, 132),
(5855, 6, 132),
(5856, 7, 132),
(5857, 8, 132),
(5858, 9, 132),
(5859, 10, 132),
(5860, 11, 132),
(5861, 12, 132),
(5862, 13, 132),
(5863, 14, 132),
(5864, 15, 132),
(5865, 16, 132),
(5866, 17, 132),
(5867, 18, 132),
(5868, 19, 132),
(5869, 20, 132),
(5870, 21, 132),
(5871, 22, 132),
(5872, 1, 133),
(5873, 2, 133),
(5874, 3, 133),
(5875, 4, 133),
(5876, 5, 133),
(5877, 6, 133),
(5878, 7, 133),
(5879, 8, 133),
(5880, 9, 133),
(5881, 10, 133),
(5882, 11, 133),
(5883, 12, 133),
(5884, 13, 133),
(5885, 14, 133),
(5886, 15, 133),
(5887, 16, 133),
(5888, 17, 133),
(5889, 18, 133),
(5890, 19, 133),
(5891, 20, 133),
(5892, 21, 133),
(5893, 22, 133),
(5894, 1, 134),
(5895, 2, 134),
(5896, 3, 134),
(5897, 4, 134),
(5898, 5, 134),
(5899, 6, 134),
(5900, 7, 134),
(5901, 8, 134),
(5902, 9, 134),
(5903, 10, 134),
(5904, 11, 134),
(5905, 12, 134),
(5906, 13, 134),
(5907, 14, 134),
(5908, 15, 134),
(5909, 16, 134),
(5910, 17, 134),
(5911, 18, 134),
(5912, 19, 134),
(5913, 20, 134),
(5914, 21, 134),
(5915, 22, 134),
(5916, 1, 135),
(5917, 2, 135),
(5918, 3, 135),
(5919, 4, 135),
(5920, 5, 135),
(5921, 6, 135),
(5922, 7, 135),
(5923, 8, 135),
(5924, 9, 135),
(5925, 10, 135),
(5926, 11, 135),
(5927, 12, 135),
(5928, 13, 135),
(5929, 14, 135),
(5930, 15, 135),
(5931, 16, 135),
(5932, 17, 135),
(5933, 18, 135),
(5934, 19, 135),
(5935, 20, 135),
(5936, 21, 135),
(5937, 22, 135),
(5938, 1, 136),
(5939, 2, 136),
(5940, 3, 136),
(5941, 4, 136),
(5942, 5, 136),
(5943, 6, 136),
(5944, 7, 136),
(5945, 8, 136),
(5946, 9, 136),
(5947, 10, 136),
(5948, 11, 136),
(5949, 12, 136),
(5950, 13, 136),
(5951, 14, 136),
(5952, 15, 136),
(5953, 16, 136),
(5954, 17, 136),
(5955, 18, 136),
(5956, 19, 136),
(5957, 20, 136),
(5958, 21, 136),
(5959, 22, 136),
(5960, 1, 137),
(5961, 2, 137),
(5962, 3, 137),
(5963, 4, 137),
(5964, 5, 137),
(5965, 6, 137),
(5966, 7, 137),
(5967, 8, 137),
(5968, 9, 137),
(5969, 10, 137),
(5970, 11, 137),
(5971, 12, 137),
(5972, 13, 137),
(5973, 14, 137),
(5974, 15, 137),
(5975, 16, 137),
(5976, 17, 137),
(5977, 18, 137),
(5978, 19, 137),
(5979, 20, 137),
(5980, 21, 137),
(5981, 22, 137),
(5982, 1, 138),
(5983, 2, 138),
(5984, 3, 138),
(5985, 4, 138),
(5986, 5, 138),
(5987, 6, 138),
(5988, 7, 138),
(5989, 8, 138),
(5990, 9, 138),
(5991, 10, 138),
(5992, 11, 138),
(5993, 12, 138),
(5994, 13, 138),
(5995, 14, 138),
(5996, 15, 138),
(5997, 16, 138),
(5998, 17, 138),
(5999, 18, 138),
(6000, 19, 138),
(6001, 20, 138),
(6002, 21, 138),
(6003, 22, 138),
(6004, 1, 139),
(6005, 2, 139),
(6006, 3, 139),
(6007, 4, 139),
(6008, 5, 139),
(6009, 6, 139),
(6010, 7, 139),
(6011, 8, 139),
(6012, 9, 139),
(6013, 10, 139),
(6014, 11, 139),
(6015, 12, 139),
(6016, 13, 139),
(6017, 14, 139),
(6018, 15, 139),
(6019, 16, 139),
(6020, 17, 139),
(6021, 18, 139),
(6022, 19, 139),
(6023, 20, 139),
(6024, 21, 139),
(6025, 22, 139),
(6026, 1, 140),
(6027, 2, 140),
(6028, 3, 140),
(6029, 4, 140),
(6030, 5, 140),
(6031, 6, 140),
(6032, 7, 140),
(6033, 8, 140),
(6034, 9, 140),
(6035, 10, 140),
(6036, 11, 140),
(6037, 12, 140),
(6038, 13, 140),
(6039, 14, 140),
(6040, 15, 140),
(6041, 16, 140),
(6042, 17, 140),
(6043, 18, 140),
(6044, 19, 140),
(6045, 20, 140),
(6046, 21, 140),
(6047, 22, 140),
(6048, 1, 141),
(6049, 2, 141),
(6050, 3, 141),
(6051, 4, 141),
(6052, 5, 141),
(6053, 6, 141),
(6054, 7, 141),
(6055, 8, 141),
(6056, 9, 141),
(6057, 10, 141),
(6058, 11, 141),
(6059, 12, 141),
(6060, 13, 141),
(6061, 14, 141),
(6062, 15, 141),
(6063, 16, 141),
(6064, 17, 141),
(6065, 18, 141),
(6066, 19, 141),
(6067, 20, 141),
(6068, 21, 141),
(6069, 22, 141),
(6070, 1, 142),
(6071, 2, 142),
(6072, 3, 142),
(6073, 4, 142),
(6074, 5, 142),
(6075, 6, 142),
(6076, 7, 142),
(6077, 8, 142),
(6078, 9, 142),
(6079, 10, 142),
(6080, 11, 142),
(6081, 12, 142),
(6082, 13, 142),
(6083, 14, 142),
(6084, 15, 142),
(6085, 16, 142),
(6086, 17, 142),
(6087, 18, 142),
(6088, 19, 142),
(6089, 20, 142),
(6090, 21, 142),
(6091, 22, 142),
(6092, 1, 143),
(6093, 2, 143),
(6094, 3, 143),
(6095, 4, 143),
(6096, 5, 143),
(6097, 6, 143),
(6098, 7, 143),
(6099, 8, 143),
(6100, 9, 143),
(6101, 10, 143),
(6102, 11, 143),
(6103, 12, 143),
(6104, 13, 143),
(6105, 14, 143),
(6106, 15, 143),
(6107, 16, 143),
(6108, 17, 143),
(6109, 18, 143),
(6110, 19, 143),
(6111, 20, 143),
(6112, 21, 143),
(6113, 22, 143),
(6114, 1, 144),
(6115, 2, 144),
(6116, 3, 144),
(6117, 4, 144),
(6118, 5, 144),
(6119, 6, 144),
(6120, 7, 144),
(6121, 8, 144),
(6122, 9, 144),
(6123, 10, 144),
(6124, 11, 144),
(6125, 12, 144),
(6126, 13, 144),
(6127, 14, 144),
(6128, 15, 144),
(6129, 16, 144),
(6130, 17, 144),
(6131, 18, 144),
(6132, 19, 144),
(6133, 20, 144),
(6134, 21, 144),
(6135, 22, 144),
(6136, 1, 145),
(6137, 2, 145),
(6138, 3, 145),
(6139, 4, 145),
(6140, 5, 145),
(6141, 6, 145),
(6142, 7, 145),
(6143, 8, 145),
(6144, 9, 145),
(6145, 10, 145),
(6146, 11, 145),
(6147, 12, 145),
(6148, 13, 145),
(6149, 14, 145),
(6150, 15, 145),
(6151, 16, 145),
(6152, 17, 145),
(6153, 18, 145),
(6154, 19, 145),
(6155, 20, 145),
(6156, 21, 145),
(6157, 22, 145),
(6158, 1, 146),
(6159, 2, 146),
(6160, 3, 146),
(6161, 4, 146),
(6162, 5, 146),
(6163, 6, 146),
(6164, 7, 146),
(6165, 8, 146),
(6166, 9, 146),
(6167, 10, 146),
(6168, 11, 146),
(6169, 12, 146),
(6170, 13, 146),
(6171, 14, 146),
(6172, 15, 146),
(6173, 16, 146),
(6174, 17, 146),
(6175, 18, 146),
(6176, 19, 146),
(6177, 20, 146),
(6178, 21, 146),
(6179, 22, 146),
(6180, 1, 147),
(6181, 2, 147),
(6182, 3, 147),
(6183, 4, 147),
(6184, 5, 147),
(6185, 6, 147),
(6186, 7, 147),
(6187, 8, 147),
(6188, 9, 147),
(6189, 10, 147),
(6190, 11, 147),
(6191, 12, 147),
(6192, 13, 147),
(6193, 14, 147),
(6194, 15, 147),
(6195, 16, 147),
(6196, 17, 147),
(6197, 18, 147),
(6198, 19, 147),
(6199, 20, 147),
(6200, 21, 147),
(6201, 22, 147),
(6202, 1, 148),
(6203, 2, 148),
(6204, 3, 148),
(6205, 4, 148),
(6206, 5, 148),
(6207, 6, 148),
(6208, 7, 148),
(6209, 8, 148),
(6210, 9, 148),
(6211, 10, 148),
(6212, 11, 148),
(6213, 12, 148),
(6214, 13, 148),
(6215, 14, 148),
(6216, 15, 148),
(6217, 16, 148),
(6218, 17, 148),
(6219, 18, 148),
(6220, 19, 148),
(6221, 20, 148),
(6222, 21, 148),
(6223, 22, 148),
(6224, 1, 149),
(6225, 2, 149),
(6226, 3, 149),
(6227, 4, 149),
(6228, 5, 149),
(6229, 6, 149),
(6230, 7, 149),
(6231, 8, 149),
(6232, 9, 149),
(6233, 10, 149),
(6234, 11, 149),
(6235, 12, 149),
(6236, 13, 149),
(6237, 14, 149),
(6238, 15, 149),
(6239, 16, 149),
(6240, 17, 149),
(6241, 18, 149),
(6242, 19, 149),
(6243, 20, 149),
(6244, 21, 149),
(6245, 22, 149),
(6246, 1, 150),
(6247, 2, 150),
(6248, 3, 150),
(6249, 4, 150),
(6250, 5, 150),
(6251, 6, 150),
(6252, 7, 150),
(6253, 8, 150),
(6254, 9, 150),
(6255, 10, 150),
(6256, 11, 150),
(6257, 12, 150),
(6258, 13, 150),
(6259, 14, 150),
(6260, 15, 150),
(6261, 16, 150),
(6262, 17, 150),
(6263, 18, 150),
(6264, 19, 150),
(6265, 20, 150),
(6266, 21, 150),
(6267, 22, 150),
(6268, 1, 151),
(6269, 2, 151),
(6270, 3, 151),
(6271, 4, 151),
(6272, 5, 151),
(6273, 6, 151),
(6274, 7, 151),
(6275, 8, 151),
(6276, 9, 151),
(6277, 10, 151),
(6278, 11, 151),
(6279, 12, 151),
(6280, 13, 151),
(6281, 14, 151),
(6282, 15, 151),
(6283, 16, 151),
(6284, 17, 151),
(6285, 18, 151),
(6286, 19, 151),
(6287, 20, 151),
(6288, 21, 151),
(6289, 22, 151),
(6290, 1, 152),
(6291, 2, 152),
(6292, 3, 152),
(6293, 4, 152),
(6294, 5, 152),
(6295, 6, 152),
(6296, 7, 152),
(6297, 8, 152),
(6298, 9, 152),
(6299, 10, 152),
(6300, 11, 152),
(6301, 12, 152),
(6302, 13, 152),
(6303, 14, 152),
(6304, 15, 152),
(6305, 16, 152),
(6306, 17, 152),
(6307, 18, 152),
(6308, 19, 152),
(6309, 20, 152),
(6310, 21, 152),
(6311, 22, 152),
(6312, 1, 153),
(6313, 2, 153),
(6314, 3, 153),
(6315, 4, 153),
(6316, 5, 153),
(6317, 6, 153),
(6318, 7, 153),
(6319, 8, 153),
(6320, 9, 153),
(6321, 10, 153),
(6322, 11, 153),
(6323, 12, 153),
(6324, 13, 153),
(6325, 14, 153),
(6326, 15, 153),
(6327, 16, 153),
(6328, 17, 153),
(6329, 18, 153),
(6330, 19, 153),
(6331, 20, 153),
(6332, 21, 153),
(6333, 22, 153),
(6334, 1, 154),
(6335, 2, 154),
(6336, 3, 154),
(6337, 4, 154),
(6338, 5, 154),
(6339, 6, 154),
(6340, 7, 154),
(6341, 8, 154),
(6342, 9, 154),
(6343, 10, 154),
(6344, 11, 154),
(6345, 12, 154),
(6346, 13, 154),
(6347, 14, 154),
(6348, 15, 154),
(6349, 16, 154),
(6350, 17, 154),
(6351, 18, 154),
(6352, 19, 154),
(6353, 20, 154),
(6354, 21, 154),
(6355, 22, 154),
(6356, 1, 155),
(6357, 2, 155),
(6358, 3, 155),
(6359, 4, 155),
(6360, 5, 155),
(6361, 6, 155),
(6362, 7, 155),
(6363, 8, 155),
(6364, 9, 155),
(6365, 10, 155),
(6366, 11, 155),
(6367, 12, 155),
(6368, 13, 155),
(6369, 14, 155),
(6370, 15, 155),
(6371, 16, 155),
(6372, 17, 155),
(6373, 18, 155),
(6374, 19, 155),
(6375, 20, 155),
(6376, 21, 155),
(6377, 22, 155),
(6378, 1, 156),
(6379, 2, 156),
(6380, 3, 156),
(6381, 4, 156),
(6382, 5, 156),
(6383, 6, 156),
(6384, 7, 156),
(6385, 8, 156),
(6386, 9, 156),
(6387, 10, 156),
(6388, 11, 156),
(6389, 12, 156),
(6390, 13, 156),
(6391, 14, 156),
(6392, 15, 156),
(6393, 16, 156),
(6394, 17, 156),
(6395, 18, 156),
(6396, 19, 156),
(6397, 20, 156),
(6398, 21, 156),
(6399, 22, 156),
(6400, 1, 157),
(6401, 2, 157),
(6402, 3, 157),
(6403, 4, 157),
(6404, 5, 157),
(6405, 6, 157),
(6406, 7, 157),
(6407, 8, 157),
(6408, 9, 157),
(6409, 10, 157),
(6410, 11, 157),
(6411, 12, 157),
(6412, 13, 157),
(6413, 14, 157),
(6414, 15, 157),
(6415, 16, 157),
(6416, 17, 157),
(6417, 18, 157),
(6418, 19, 157),
(6419, 20, 157),
(6420, 21, 157),
(6421, 22, 157),
(6422, 1, 158),
(6423, 2, 158),
(6424, 3, 158),
(6425, 4, 158),
(6426, 5, 158),
(6427, 6, 158),
(6428, 7, 158),
(6429, 8, 158),
(6430, 9, 158),
(6431, 10, 158),
(6432, 11, 158),
(6433, 12, 158),
(6434, 13, 158),
(6435, 14, 158),
(6436, 15, 158),
(6437, 16, 158),
(6438, 17, 158),
(6439, 18, 158),
(6440, 19, 158),
(6441, 20, 158),
(6442, 21, 158),
(6443, 22, 158),
(6444, 1, 159),
(6445, 2, 159),
(6446, 3, 159),
(6447, 4, 159),
(6448, 5, 159),
(6449, 6, 159),
(6450, 7, 159),
(6451, 8, 159),
(6452, 9, 159),
(6453, 10, 159),
(6454, 11, 159),
(6455, 12, 159),
(6456, 13, 159),
(6457, 14, 159),
(6458, 15, 159),
(6459, 16, 159),
(6460, 17, 159),
(6461, 18, 159),
(6462, 19, 159),
(6463, 20, 159),
(6464, 21, 159),
(6465, 22, 159),
(6466, 1, 160),
(6467, 2, 160),
(6468, 3, 160),
(6469, 4, 160),
(6470, 5, 160),
(6471, 6, 160),
(6472, 7, 160),
(6473, 8, 160),
(6474, 9, 160),
(6475, 10, 160),
(6476, 11, 160),
(6477, 12, 160),
(6478, 13, 160),
(6479, 14, 160),
(6480, 15, 160),
(6481, 16, 160),
(6482, 17, 160),
(6483, 18, 160),
(6484, 19, 160),
(6485, 20, 160),
(6486, 21, 160),
(6487, 22, 160),
(6488, 1, 161),
(6489, 2, 161),
(6490, 3, 161),
(6491, 4, 161),
(6492, 5, 161),
(6493, 6, 161),
(6494, 7, 161),
(6495, 8, 161),
(6496, 9, 161),
(6497, 10, 161),
(6498, 11, 161),
(6499, 12, 161),
(6500, 13, 161),
(6501, 14, 161),
(6502, 15, 161),
(6503, 16, 161),
(6504, 17, 161),
(6505, 18, 161),
(6506, 19, 161),
(6507, 20, 161),
(6508, 21, 161),
(6509, 22, 161),
(6510, 1, 162),
(6511, 2, 162),
(6512, 3, 162),
(6513, 4, 162),
(6514, 5, 162),
(6515, 6, 162),
(6516, 7, 162),
(6517, 8, 162),
(6518, 9, 162),
(6519, 10, 162),
(6520, 11, 162),
(6521, 12, 162),
(6522, 13, 162),
(6523, 14, 162),
(6524, 15, 162),
(6525, 16, 162),
(6526, 17, 162),
(6527, 18, 162),
(6528, 19, 162),
(6529, 20, 162),
(6530, 21, 162),
(6531, 22, 162),
(6532, 1, 163),
(6533, 2, 163),
(6534, 3, 163),
(6535, 4, 163),
(6536, 5, 163),
(6537, 6, 163),
(6538, 7, 163),
(6539, 8, 163),
(6540, 9, 163),
(6541, 10, 163),
(6542, 11, 163),
(6543, 12, 163),
(6544, 13, 163),
(6545, 14, 163),
(6546, 15, 163),
(6547, 16, 163),
(6548, 17, 163),
(6549, 18, 163),
(6550, 19, 163),
(6551, 20, 163),
(6552, 21, 163),
(6553, 22, 163),
(6554, 1, 164),
(6555, 2, 164),
(6556, 3, 164),
(6557, 4, 164),
(6558, 5, 164),
(6559, 6, 164),
(6560, 7, 164),
(6561, 8, 164),
(6562, 9, 164),
(6563, 10, 164),
(6564, 11, 164),
(6565, 12, 164),
(6566, 13, 164),
(6567, 14, 164),
(6568, 15, 164),
(6569, 16, 164),
(6570, 17, 164),
(6571, 18, 164),
(6572, 19, 164),
(6573, 20, 164),
(6574, 21, 164),
(6575, 22, 164),
(6576, 1, 165),
(6577, 2, 165),
(6578, 3, 165),
(6579, 4, 165),
(6580, 5, 165),
(6581, 6, 165),
(6582, 7, 165),
(6583, 8, 165),
(6584, 9, 165),
(6585, 10, 165),
(6586, 11, 165),
(6587, 12, 165),
(6588, 13, 165),
(6589, 14, 165),
(6590, 15, 165),
(6591, 16, 165),
(6592, 17, 165),
(6593, 18, 165),
(6594, 19, 165),
(6595, 20, 165),
(6596, 21, 165),
(6597, 22, 165),
(6598, 1, 166),
(6599, 2, 166),
(6600, 3, 166),
(6601, 4, 166),
(6602, 5, 166),
(6603, 6, 166),
(6604, 7, 166),
(6605, 8, 166),
(6606, 9, 166),
(6607, 10, 166),
(6608, 11, 166),
(6609, 12, 166),
(6610, 13, 166),
(6611, 14, 166),
(6612, 15, 166),
(6613, 16, 166),
(6614, 17, 166),
(6615, 18, 166),
(6616, 19, 166),
(6617, 20, 166),
(6618, 21, 166),
(6619, 22, 166),
(6620, 1, 167),
(6621, 2, 167),
(6622, 3, 167),
(6623, 4, 167),
(6624, 5, 167),
(6625, 6, 167),
(6626, 7, 167),
(6627, 8, 167),
(6628, 9, 167),
(6629, 10, 167),
(6630, 11, 167),
(6631, 12, 167),
(6632, 13, 167),
(6633, 14, 167),
(6634, 15, 167),
(6635, 16, 167),
(6636, 17, 167),
(6637, 18, 167),
(6638, 19, 167),
(6639, 20, 167),
(6640, 21, 167),
(6641, 22, 167),
(6642, 1, 168),
(6643, 2, 168),
(6644, 3, 168),
(6645, 4, 168),
(6646, 5, 168),
(6647, 6, 168),
(6648, 7, 168),
(6649, 8, 168),
(6650, 9, 168),
(6651, 10, 168),
(6652, 11, 168),
(6653, 12, 168),
(6654, 13, 168),
(6655, 14, 168),
(6656, 15, 168),
(6657, 16, 168),
(6658, 17, 168),
(6659, 18, 168),
(6660, 19, 168),
(6661, 20, 168),
(6662, 21, 168),
(6663, 22, 168),
(6664, 1, 169),
(6665, 2, 169),
(6666, 3, 169),
(6667, 4, 169),
(6668, 5, 169),
(6669, 6, 169),
(6670, 7, 169),
(6671, 8, 169),
(6672, 9, 169),
(6673, 10, 169),
(6674, 11, 169),
(6675, 12, 169),
(6676, 13, 169),
(6677, 14, 169),
(6678, 15, 169),
(6679, 16, 169),
(6680, 17, 169),
(6681, 18, 169),
(6682, 19, 169),
(6683, 20, 169),
(6684, 21, 169),
(6685, 22, 169),
(6686, 1, 170),
(6687, 2, 170),
(6688, 3, 170),
(6689, 4, 170),
(6690, 5, 170),
(6691, 6, 170),
(6692, 7, 170),
(6693, 8, 170),
(6694, 9, 170),
(6695, 10, 170);
INSERT INTO `seats` (`id`, `number`, `row_id`) VALUES
(6696, 11, 170),
(6697, 12, 170),
(6698, 13, 170),
(6699, 14, 170),
(6700, 15, 170),
(6701, 16, 170),
(6702, 17, 170),
(6703, 18, 170),
(6704, 19, 170),
(6705, 20, 170),
(6706, 21, 170),
(6707, 22, 170),
(6708, 1, 171),
(6709, 2, 171),
(6710, 3, 171),
(6711, 4, 171),
(6712, 5, 171),
(6713, 6, 171),
(6714, 7, 171),
(6715, 8, 171),
(6716, 9, 171),
(6717, 10, 171),
(6718, 11, 171),
(6719, 12, 171),
(6720, 13, 171),
(6721, 14, 171),
(6722, 15, 171),
(6723, 16, 171),
(6724, 17, 171),
(6725, 18, 171),
(6726, 19, 171),
(6727, 20, 171),
(6728, 21, 171),
(6729, 22, 171),
(6730, 1, 172),
(6731, 2, 172),
(6732, 3, 172),
(6733, 4, 172),
(6734, 5, 172),
(6735, 6, 172),
(6736, 7, 172),
(6737, 8, 172),
(6738, 9, 172),
(6739, 10, 172),
(6740, 11, 172),
(6741, 12, 172),
(6742, 13, 172),
(6743, 14, 172),
(6744, 15, 172),
(6745, 16, 172),
(6746, 17, 172),
(6747, 18, 172),
(6748, 19, 172),
(6749, 20, 172),
(6750, 21, 172),
(6751, 22, 172),
(6752, 1, 173),
(6753, 2, 173),
(6754, 3, 173),
(6755, 4, 173),
(6756, 5, 173),
(6757, 6, 173),
(6758, 7, 173),
(6759, 8, 173),
(6760, 9, 173),
(6761, 10, 173),
(6762, 11, 173),
(6763, 12, 173),
(6764, 13, 173),
(6765, 14, 173),
(6766, 15, 173),
(6767, 16, 173),
(6768, 17, 173),
(6769, 18, 173),
(6770, 19, 173),
(6771, 20, 173),
(6772, 21, 173),
(6773, 22, 173),
(6774, 1, 174),
(6775, 2, 174),
(6776, 3, 174),
(6777, 4, 174),
(6778, 5, 174),
(6779, 6, 174),
(6780, 7, 174),
(6781, 8, 174),
(6782, 9, 174),
(6783, 10, 174),
(6784, 11, 174),
(6785, 12, 174),
(6786, 13, 174),
(6787, 14, 174),
(6788, 15, 174),
(6789, 16, 174),
(6790, 17, 174),
(6791, 18, 174),
(6792, 19, 174),
(6793, 20, 174),
(6794, 21, 174),
(6795, 22, 174),
(6796, 1, 175),
(6797, 2, 175),
(6798, 3, 175),
(6799, 4, 175),
(6800, 5, 175),
(6801, 6, 175),
(6802, 7, 175),
(6803, 8, 175),
(6804, 9, 175),
(6805, 10, 175),
(6806, 11, 175),
(6807, 12, 175),
(6808, 13, 175),
(6809, 14, 175),
(6810, 15, 175),
(6811, 16, 175),
(6812, 17, 175),
(6813, 18, 175),
(6814, 19, 175),
(6815, 20, 175),
(6816, 21, 175),
(6817, 22, 175),
(6818, 1, 176),
(6819, 2, 176),
(6820, 3, 176),
(6821, 4, 176),
(6822, 5, 176),
(6823, 6, 176),
(6824, 7, 176),
(6825, 8, 176),
(6826, 9, 176),
(6827, 10, 176),
(6828, 11, 176),
(6829, 12, 176),
(6830, 13, 176),
(6831, 14, 176),
(6832, 15, 176),
(6833, 16, 176),
(6834, 17, 176),
(6835, 18, 176),
(6836, 19, 176),
(6837, 20, 176),
(6838, 21, 176),
(6839, 22, 176),
(6840, 1, 177),
(6841, 2, 177),
(6842, 3, 177),
(6843, 4, 177),
(6844, 5, 177),
(6845, 6, 177),
(6846, 7, 177),
(6847, 8, 177),
(6848, 9, 177),
(6849, 10, 177),
(6850, 11, 177),
(6851, 12, 177),
(6852, 13, 177),
(6853, 14, 177),
(6854, 15, 177),
(6855, 16, 177),
(6856, 17, 177),
(6857, 18, 177),
(6858, 19, 177),
(6859, 20, 177),
(6860, 21, 177),
(6861, 22, 177),
(6862, 1, 178),
(6863, 2, 178),
(6864, 3, 178),
(6865, 4, 178),
(6866, 5, 178),
(6867, 6, 178),
(6868, 7, 178),
(6869, 8, 178),
(6870, 9, 178),
(6871, 10, 178),
(6872, 11, 178),
(6873, 12, 178),
(6874, 13, 178),
(6875, 14, 178),
(6876, 15, 178),
(6877, 16, 178),
(6878, 17, 178),
(6879, 18, 178),
(6880, 19, 178),
(6881, 20, 178),
(6882, 21, 178),
(6883, 22, 178),
(6884, 1, 179),
(6885, 2, 179),
(6886, 3, 179),
(6887, 4, 179),
(6888, 5, 179),
(6889, 6, 179),
(6890, 7, 179),
(6891, 8, 179),
(6892, 9, 179),
(6893, 10, 179),
(6894, 11, 179),
(6895, 12, 179),
(6896, 13, 179),
(6897, 14, 179),
(6898, 15, 179),
(6899, 16, 179),
(6900, 17, 179),
(6901, 18, 179),
(6902, 19, 179),
(6903, 20, 179),
(6904, 21, 179),
(6905, 22, 179),
(6906, 1, 180),
(6907, 2, 180),
(6908, 3, 180),
(6909, 4, 180),
(6910, 5, 180),
(6911, 6, 180),
(6912, 7, 180),
(6913, 8, 180),
(6914, 9, 180),
(6915, 10, 180),
(6916, 11, 180),
(6917, 12, 180),
(6918, 13, 180),
(6919, 14, 180),
(6920, 15, 180),
(6921, 16, 180),
(6922, 17, 180),
(6923, 18, 180),
(6924, 19, 180),
(6925, 20, 180),
(6926, 21, 180),
(6927, 22, 180),
(6928, 1, 181),
(6929, 2, 181),
(6930, 3, 181),
(6931, 4, 181),
(6932, 5, 181),
(6933, 6, 181),
(6934, 7, 181),
(6935, 8, 181),
(6936, 9, 181),
(6937, 10, 181),
(6938, 11, 181),
(6939, 12, 181),
(6940, 13, 181),
(6941, 14, 181),
(6942, 15, 181),
(6943, 16, 181),
(6944, 17, 181),
(6945, 18, 181),
(6946, 19, 181),
(6947, 20, 181),
(6948, 21, 181),
(6949, 22, 181),
(6950, 1, 182),
(6951, 2, 182),
(6952, 3, 182),
(6953, 4, 182),
(6954, 5, 182),
(6955, 6, 182),
(6956, 7, 182),
(6957, 8, 182),
(6958, 9, 182),
(6959, 10, 182),
(6960, 11, 182),
(6961, 12, 182),
(6962, 13, 182),
(6963, 14, 182),
(6964, 15, 182),
(6965, 16, 182),
(6966, 17, 182),
(6967, 18, 182),
(6968, 19, 182),
(6969, 20, 182),
(6970, 21, 182),
(6971, 22, 182),
(6972, 1, 183),
(6973, 2, 183),
(6974, 3, 183),
(6975, 4, 183),
(6976, 5, 183),
(6977, 6, 183),
(6978, 7, 183),
(6979, 8, 183),
(6980, 9, 183),
(6981, 10, 183),
(6982, 11, 183),
(6983, 12, 183),
(6984, 13, 183),
(6985, 14, 183),
(6986, 15, 183),
(6987, 16, 183),
(6988, 17, 183),
(6989, 18, 183),
(6990, 19, 183),
(6991, 20, 183),
(6992, 21, 183),
(6993, 22, 183),
(6994, 1, 184),
(6995, 2, 184),
(6996, 3, 184),
(6997, 4, 184),
(6998, 5, 184),
(6999, 6, 184),
(7000, 7, 184),
(7001, 8, 184),
(7002, 9, 184),
(7003, 10, 184),
(7004, 11, 184),
(7005, 12, 184),
(7006, 13, 184),
(7007, 14, 184),
(7008, 15, 184),
(7009, 16, 184),
(7010, 17, 184),
(7011, 18, 184),
(7012, 19, 184),
(7013, 20, 184),
(7014, 21, 184),
(7015, 22, 184),
(7016, 1, 185),
(7017, 2, 185),
(7018, 3, 185),
(7019, 4, 185),
(7020, 5, 185),
(7021, 6, 185),
(7022, 7, 185),
(7023, 8, 185),
(7024, 9, 185),
(7025, 10, 185),
(7026, 11, 185),
(7027, 12, 185),
(7028, 13, 185),
(7029, 14, 185),
(7030, 15, 185),
(7031, 16, 185),
(7032, 17, 185),
(7033, 18, 185),
(7034, 19, 185),
(7035, 20, 185),
(7036, 21, 185),
(7037, 22, 185),
(7038, 1, 186),
(7039, 2, 186),
(7040, 3, 186),
(7041, 4, 186),
(7042, 5, 186),
(7043, 6, 186),
(7044, 7, 186),
(7045, 8, 186),
(7046, 9, 186),
(7047, 10, 186),
(7048, 11, 186),
(7049, 12, 186),
(7050, 13, 186),
(7051, 14, 186),
(7052, 15, 186),
(7053, 16, 186),
(7054, 17, 186),
(7055, 18, 186),
(7056, 19, 186),
(7057, 20, 186),
(7058, 21, 186),
(7059, 22, 186),
(7060, 1, 187),
(7061, 2, 187),
(7062, 3, 187),
(7063, 4, 187),
(7064, 5, 187),
(7065, 6, 187),
(7066, 7, 187),
(7067, 8, 187),
(7068, 9, 187),
(7069, 10, 187),
(7070, 11, 187),
(7071, 12, 187),
(7072, 13, 187),
(7073, 14, 187),
(7074, 15, 187),
(7075, 16, 187),
(7076, 17, 187),
(7077, 18, 187),
(7078, 19, 187),
(7079, 20, 187),
(7080, 21, 187),
(7081, 22, 187),
(7082, 1, 188),
(7083, 2, 188),
(7084, 3, 188),
(7085, 4, 188),
(7086, 5, 188),
(7087, 6, 188),
(7088, 7, 188),
(7089, 8, 188),
(7090, 9, 188),
(7091, 10, 188),
(7092, 11, 188),
(7093, 12, 188),
(7094, 13, 188),
(7095, 14, 188),
(7096, 15, 188),
(7097, 16, 188),
(7098, 17, 188),
(7099, 18, 188),
(7100, 19, 188),
(7101, 20, 188),
(7102, 21, 188),
(7103, 22, 188),
(7104, 1, 189),
(7105, 2, 189),
(7106, 3, 189),
(7107, 4, 189),
(7108, 5, 189),
(7109, 6, 189),
(7110, 7, 189),
(7111, 8, 189),
(7112, 9, 189),
(7113, 10, 189),
(7114, 11, 189),
(7115, 12, 189),
(7116, 13, 189),
(7117, 14, 189),
(7118, 15, 189),
(7119, 16, 189),
(7120, 17, 189),
(7121, 18, 189),
(7122, 19, 189),
(7123, 20, 189),
(7124, 21, 189),
(7125, 22, 189),
(7126, 1, 190),
(7127, 2, 190),
(7128, 3, 190),
(7129, 4, 190),
(7130, 5, 190),
(7131, 6, 190),
(7132, 7, 190),
(7133, 8, 190),
(7134, 9, 190),
(7135, 10, 190),
(7136, 11, 190),
(7137, 12, 190),
(7138, 13, 190),
(7139, 14, 190),
(7140, 15, 190),
(7141, 16, 190),
(7142, 17, 190),
(7143, 18, 190),
(7144, 19, 190),
(7145, 20, 190),
(7146, 21, 190),
(7147, 22, 190),
(7148, 1, 191),
(7149, 2, 191),
(7150, 3, 191),
(7151, 4, 191),
(7152, 5, 191),
(7153, 6, 191),
(7154, 7, 191),
(7155, 8, 191),
(7156, 9, 191),
(7157, 10, 191),
(7158, 11, 191),
(7159, 12, 191),
(7160, 13, 191),
(7161, 14, 191),
(7162, 15, 191),
(7163, 16, 191),
(7164, 17, 191),
(7165, 18, 191),
(7166, 19, 191),
(7167, 20, 191),
(7168, 21, 191),
(7169, 22, 191),
(7170, 1, 192),
(7171, 2, 192),
(7172, 3, 192),
(7173, 4, 192),
(7174, 5, 192),
(7175, 6, 192),
(7176, 7, 192),
(7177, 8, 192),
(7178, 9, 192),
(7179, 10, 192),
(7180, 11, 192),
(7181, 12, 192),
(7182, 13, 192),
(7183, 14, 192),
(7184, 15, 192),
(7185, 16, 192),
(7186, 17, 192),
(7187, 18, 192),
(7188, 19, 192),
(7189, 20, 192),
(7190, 21, 192),
(7191, 22, 192),
(7192, 1, 193),
(7193, 2, 193),
(7194, 3, 193),
(7195, 4, 193),
(7196, 5, 193),
(7197, 6, 193),
(7198, 7, 193),
(7199, 8, 193),
(7200, 9, 193),
(7201, 10, 193),
(7202, 11, 193),
(7203, 12, 193),
(7204, 13, 193),
(7205, 14, 193),
(7206, 15, 193),
(7207, 16, 193),
(7208, 17, 193),
(7209, 18, 193),
(7210, 19, 193),
(7211, 20, 193),
(7212, 21, 193),
(7213, 22, 193),
(7214, 1, 194),
(7215, 2, 194),
(7216, 3, 194),
(7217, 4, 194),
(7218, 5, 194),
(7219, 6, 194),
(7220, 7, 194),
(7221, 8, 194),
(7222, 9, 194),
(7223, 10, 194),
(7224, 11, 194),
(7225, 12, 194),
(7226, 13, 194),
(7227, 14, 194),
(7228, 15, 194),
(7229, 16, 194),
(7230, 17, 194),
(7231, 18, 194),
(7232, 19, 194),
(7233, 20, 194),
(7234, 21, 194),
(7235, 22, 194),
(7236, 1, 195),
(7237, 2, 195),
(7238, 3, 195),
(7239, 4, 195),
(7240, 5, 195),
(7241, 6, 195),
(7242, 7, 195),
(7243, 8, 195),
(7244, 9, 195),
(7245, 10, 195),
(7246, 11, 195),
(7247, 12, 195),
(7248, 13, 195),
(7249, 14, 195),
(7250, 15, 195),
(7251, 16, 195),
(7252, 17, 195),
(7253, 18, 195),
(7254, 19, 195),
(7255, 20, 195),
(7256, 21, 195),
(7257, 22, 195),
(7258, 1, 196),
(7259, 2, 196),
(7260, 3, 196),
(7261, 4, 196),
(7262, 5, 196),
(7263, 6, 196),
(7264, 7, 196),
(7265, 8, 196),
(7266, 9, 196),
(7267, 10, 196),
(7268, 11, 196),
(7269, 12, 196),
(7270, 13, 196),
(7271, 14, 196),
(7272, 15, 196),
(7273, 16, 196),
(7274, 17, 196),
(7275, 18, 196),
(7276, 19, 196),
(7277, 20, 196),
(7278, 21, 196),
(7279, 22, 196),
(7280, 1, 197),
(7281, 2, 197),
(7282, 3, 197),
(7283, 4, 197),
(7284, 5, 197),
(7285, 6, 197),
(7286, 7, 197),
(7287, 8, 197),
(7288, 9, 197),
(7289, 10, 197),
(7290, 11, 197),
(7291, 12, 197),
(7292, 13, 197),
(7293, 14, 197),
(7294, 15, 197),
(7295, 16, 197),
(7296, 17, 197),
(7297, 18, 197),
(7298, 19, 197),
(7299, 20, 197),
(7300, 21, 197),
(7301, 22, 197),
(7302, 1, 198),
(7303, 2, 198),
(7304, 3, 198),
(7305, 4, 198),
(7306, 5, 198),
(7307, 6, 198),
(7308, 7, 198),
(7309, 8, 198),
(7310, 9, 198),
(7311, 10, 198),
(7312, 11, 198),
(7313, 12, 198),
(7314, 13, 198),
(7315, 14, 198),
(7316, 15, 198),
(7317, 16, 198),
(7318, 17, 198),
(7319, 18, 198),
(7320, 19, 198),
(7321, 20, 198),
(7322, 21, 198),
(7323, 22, 198),
(7324, 1, 199),
(7325, 2, 199),
(7326, 3, 199),
(7327, 4, 199),
(7328, 5, 199),
(7329, 6, 199),
(7330, 7, 199),
(7331, 8, 199),
(7332, 9, 199),
(7333, 10, 199),
(7334, 11, 199),
(7335, 12, 199),
(7336, 13, 199),
(7337, 14, 199),
(7338, 15, 199),
(7339, 16, 199),
(7340, 17, 199),
(7341, 18, 199),
(7342, 19, 199),
(7343, 20, 199),
(7344, 21, 199),
(7345, 22, 199),
(7346, 1, 200),
(7347, 2, 200),
(7348, 3, 200),
(7349, 4, 200),
(7350, 5, 200),
(7351, 6, 200),
(7352, 7, 200),
(7353, 8, 200),
(7354, 9, 200),
(7355, 10, 200),
(7356, 11, 200),
(7357, 12, 200),
(7358, 13, 200),
(7359, 14, 200),
(7360, 15, 200),
(7361, 16, 200),
(7362, 17, 200),
(7363, 18, 200),
(7364, 19, 200),
(7365, 20, 200),
(7366, 21, 200),
(7367, 22, 200),
(7368, 1, 201),
(7369, 2, 201),
(7370, 3, 201),
(7371, 4, 201),
(7372, 5, 201),
(7373, 6, 201),
(7374, 7, 201),
(7375, 8, 201),
(7376, 9, 201),
(7377, 10, 201),
(7378, 11, 201),
(7379, 12, 201),
(7380, 13, 201),
(7381, 14, 201),
(7382, 15, 201),
(7383, 16, 201),
(7384, 17, 201),
(7385, 18, 201),
(7386, 19, 201),
(7387, 20, 201),
(7388, 21, 201),
(7389, 22, 201),
(7390, 1, 202),
(7391, 2, 202),
(7392, 3, 202),
(7393, 4, 202),
(7394, 5, 202),
(7395, 6, 202),
(7396, 7, 202),
(7397, 8, 202),
(7398, 9, 202),
(7399, 10, 202),
(7400, 11, 202),
(7401, 12, 202),
(7402, 13, 202),
(7403, 14, 202),
(7404, 15, 202),
(7405, 16, 202),
(7406, 17, 202),
(7407, 18, 202),
(7408, 19, 202),
(7409, 20, 202),
(7410, 21, 202),
(7411, 22, 202),
(7412, 1, 203),
(7413, 2, 203),
(7414, 3, 203),
(7415, 4, 203),
(7416, 5, 203),
(7417, 6, 203),
(7418, 7, 203),
(7419, 8, 203),
(7420, 9, 203),
(7421, 10, 203),
(7422, 11, 203),
(7423, 12, 203),
(7424, 13, 203),
(7425, 14, 203),
(7426, 15, 203),
(7427, 16, 203),
(7428, 17, 203),
(7429, 18, 203),
(7430, 19, 203),
(7431, 20, 203),
(7432, 21, 203),
(7433, 22, 203),
(7434, 1, 204),
(7435, 2, 204),
(7436, 3, 204),
(7437, 4, 204),
(7438, 5, 204),
(7439, 6, 204),
(7440, 7, 204),
(7441, 8, 204),
(7442, 9, 204),
(7443, 10, 204),
(7444, 11, 204),
(7445, 12, 204),
(7446, 13, 204),
(7447, 14, 204),
(7448, 15, 204),
(7449, 16, 204),
(7450, 17, 204),
(7451, 18, 204),
(7452, 19, 204),
(7453, 20, 204),
(7454, 21, 204),
(7455, 22, 204),
(7456, 1, 205),
(7457, 2, 205),
(7458, 3, 205),
(7459, 4, 205),
(7460, 5, 205),
(7461, 6, 205),
(7462, 7, 205),
(7463, 8, 205),
(7464, 9, 205),
(7465, 10, 205),
(7466, 11, 205),
(7467, 12, 205),
(7468, 13, 205),
(7469, 14, 205),
(7470, 15, 205),
(7471, 16, 205),
(7472, 17, 205),
(7473, 18, 205),
(7474, 19, 205),
(7475, 20, 205),
(7476, 21, 205),
(7477, 22, 205),
(7478, 1, 206),
(7479, 2, 206),
(7480, 3, 206),
(7481, 4, 206),
(7482, 5, 206),
(7483, 6, 206),
(7484, 7, 206),
(7485, 8, 206),
(7486, 9, 206),
(7487, 10, 206),
(7488, 11, 206),
(7489, 12, 206),
(7490, 13, 206),
(7491, 14, 206),
(7492, 15, 206),
(7493, 16, 206),
(7494, 17, 206),
(7495, 18, 206),
(7496, 19, 206),
(7497, 20, 206),
(7498, 21, 206),
(7499, 22, 206),
(7500, 1, 207),
(7501, 2, 207),
(7502, 3, 207),
(7503, 4, 207),
(7504, 5, 207),
(7505, 6, 207),
(7506, 7, 207),
(7507, 8, 207),
(7508, 9, 207),
(7509, 10, 207),
(7510, 11, 207),
(7511, 12, 207),
(7512, 13, 207),
(7513, 14, 207),
(7514, 15, 207),
(7515, 16, 207),
(7516, 17, 207),
(7517, 18, 207),
(7518, 19, 207),
(7519, 20, 207),
(7520, 21, 207),
(7521, 22, 207),
(7522, 1, 208),
(7523, 2, 208),
(7524, 3, 208),
(7525, 4, 208),
(7526, 5, 208),
(7527, 6, 208),
(7528, 7, 208),
(7529, 8, 208),
(7530, 9, 208),
(7531, 10, 208),
(7532, 11, 208),
(7533, 12, 208),
(7534, 13, 208),
(7535, 14, 208),
(7536, 15, 208),
(7537, 16, 208),
(7538, 17, 208),
(7539, 18, 208),
(7540, 19, 208),
(7541, 20, 208),
(7542, 21, 208),
(7543, 22, 208),
(7544, 1, 209),
(7545, 2, 209),
(7546, 3, 209),
(7547, 4, 209),
(7548, 5, 209),
(7549, 6, 209),
(7550, 7, 209),
(7551, 8, 209),
(7552, 9, 209),
(7553, 10, 209),
(7554, 11, 209),
(7555, 12, 209),
(7556, 13, 209),
(7557, 14, 209),
(7558, 15, 209),
(7559, 16, 209),
(7560, 17, 209),
(7561, 18, 209),
(7562, 19, 209),
(7563, 20, 209),
(7564, 21, 209),
(7565, 22, 209),
(7566, 1, 210),
(7567, 2, 210),
(7568, 3, 210),
(7569, 4, 210),
(7570, 5, 210),
(7571, 6, 210),
(7572, 7, 210),
(7573, 8, 210),
(7574, 9, 210),
(7575, 10, 210),
(7576, 11, 210),
(7577, 12, 210),
(7578, 13, 210),
(7579, 14, 210),
(7580, 15, 210),
(7581, 16, 210),
(7582, 17, 210),
(7583, 18, 210),
(7584, 19, 210),
(7585, 20, 210),
(7586, 21, 210),
(7587, 22, 210),
(7588, 1, 211),
(7589, 2, 211),
(7590, 3, 211),
(7591, 4, 211),
(7592, 5, 211),
(7593, 6, 211),
(7594, 7, 211),
(7595, 8, 211),
(7596, 9, 211),
(7597, 10, 211),
(7598, 11, 211),
(7599, 12, 211),
(7600, 13, 211),
(7601, 14, 211),
(7602, 15, 211),
(7603, 16, 211),
(7604, 17, 211),
(7605, 18, 211),
(7606, 19, 211),
(7607, 20, 211),
(7608, 21, 211),
(7609, 22, 211),
(7610, 1, 212),
(7611, 2, 212),
(7612, 3, 212),
(7613, 4, 212),
(7614, 5, 212),
(7615, 6, 212),
(7616, 7, 212),
(7617, 8, 212),
(7618, 9, 212),
(7619, 10, 212),
(7620, 11, 212),
(7621, 12, 212),
(7622, 13, 212),
(7623, 14, 212),
(7624, 15, 212),
(7625, 16, 212),
(7626, 17, 212),
(7627, 18, 212),
(7628, 19, 212),
(7629, 20, 212),
(7630, 21, 212),
(7631, 22, 212),
(7632, 1, 213),
(7633, 2, 213),
(7634, 3, 213),
(7635, 4, 213),
(7636, 5, 213),
(7637, 6, 213),
(7638, 7, 213),
(7639, 8, 213),
(7640, 9, 213),
(7641, 10, 213),
(7642, 11, 213),
(7643, 12, 213),
(7644, 13, 213),
(7645, 14, 213),
(7646, 15, 213),
(7647, 16, 213),
(7648, 17, 213),
(7649, 18, 213),
(7650, 19, 213),
(7651, 20, 213),
(7652, 21, 213),
(7653, 22, 213),
(7654, 1, 214),
(7655, 2, 214),
(7656, 3, 214),
(7657, 4, 214),
(7658, 5, 214),
(7659, 6, 214),
(7660, 7, 214),
(7661, 8, 214),
(7662, 9, 214),
(7663, 10, 214),
(7664, 11, 214),
(7665, 12, 214),
(7666, 13, 214),
(7667, 14, 214),
(7668, 15, 214),
(7669, 16, 214),
(7670, 17, 214),
(7671, 18, 214),
(7672, 19, 214),
(7673, 20, 214),
(7674, 21, 214),
(7675, 22, 214),
(7676, 1, 215),
(7677, 2, 215),
(7678, 3, 215),
(7679, 4, 215),
(7680, 5, 215),
(7681, 6, 215),
(7682, 7, 215),
(7683, 8, 215),
(7684, 9, 215),
(7685, 10, 215),
(7686, 11, 215),
(7687, 12, 215),
(7688, 13, 215),
(7689, 14, 215),
(7690, 15, 215),
(7691, 16, 215),
(7692, 17, 215),
(7693, 18, 215),
(7694, 19, 215),
(7695, 20, 215),
(7696, 21, 215),
(7697, 22, 215),
(7698, 1, 216),
(7699, 2, 216),
(7700, 3, 216),
(7701, 4, 216),
(7702, 5, 216),
(7703, 6, 216),
(7704, 7, 216),
(7705, 8, 216),
(7706, 9, 216),
(7707, 10, 216),
(7708, 11, 216),
(7709, 12, 216),
(7710, 13, 216),
(7711, 14, 216),
(7712, 15, 216),
(7713, 16, 216),
(7714, 17, 216),
(7715, 18, 216),
(7716, 19, 216),
(7717, 20, 216),
(7718, 21, 216),
(7719, 22, 216),
(7720, 1, 217),
(7721, 2, 217),
(7722, 3, 217),
(7723, 4, 217),
(7724, 5, 217),
(7725, 6, 217),
(7726, 7, 217),
(7727, 8, 217),
(7728, 9, 217),
(7729, 10, 217),
(7730, 11, 217),
(7731, 12, 217),
(7732, 13, 217),
(7733, 14, 217),
(7734, 15, 217),
(7735, 16, 217),
(7736, 17, 217),
(7737, 18, 217),
(7738, 19, 217),
(7739, 20, 217),
(7740, 21, 217),
(7741, 22, 217),
(7742, 1, 218),
(7743, 2, 218),
(7744, 3, 218),
(7745, 4, 218),
(7746, 5, 218),
(7747, 6, 218),
(7748, 7, 218),
(7749, 8, 218),
(7750, 9, 218),
(7751, 10, 218),
(7752, 11, 218),
(7753, 12, 218),
(7754, 13, 218),
(7755, 14, 218),
(7756, 15, 218),
(7757, 16, 218),
(7758, 17, 218),
(7759, 18, 218),
(7760, 19, 218),
(7761, 20, 218),
(7762, 21, 218),
(7763, 22, 218),
(7764, 1, 219),
(7765, 2, 219),
(7766, 3, 219),
(7767, 4, 219),
(7768, 5, 219),
(7769, 6, 219),
(7770, 7, 219),
(7771, 8, 219),
(7772, 9, 219),
(7773, 10, 219),
(7774, 11, 219),
(7775, 12, 219),
(7776, 13, 219),
(7777, 14, 219),
(7778, 15, 219),
(7779, 16, 219),
(7780, 17, 219),
(7781, 18, 219),
(7782, 19, 219),
(7783, 20, 219),
(7784, 21, 219),
(7785, 22, 219),
(7786, 1, 220),
(7787, 2, 220),
(7788, 3, 220),
(7789, 4, 220),
(7790, 5, 220),
(7791, 6, 220),
(7792, 7, 220),
(7793, 8, 220),
(7794, 9, 220),
(7795, 10, 220),
(7796, 11, 220),
(7797, 12, 220),
(7798, 13, 220),
(7799, 14, 220),
(7800, 15, 220),
(7801, 16, 220),
(7802, 17, 220),
(7803, 18, 220),
(7804, 19, 220),
(7805, 20, 220),
(7806, 21, 220),
(7807, 22, 220),
(7808, 1, 221),
(7809, 2, 221),
(7810, 3, 221),
(7811, 4, 221),
(7812, 5, 221),
(7813, 6, 221),
(7814, 7, 221),
(7815, 8, 221),
(7816, 9, 221),
(7817, 10, 221),
(7818, 11, 221),
(7819, 12, 221),
(7820, 13, 221),
(7821, 14, 221),
(7822, 15, 221),
(7823, 16, 221),
(7824, 17, 221),
(7825, 18, 221),
(7826, 19, 221),
(7827, 20, 221),
(7828, 21, 221),
(7829, 22, 221),
(7830, 1, 222),
(7831, 2, 222),
(7832, 3, 222),
(7833, 4, 222),
(7834, 5, 222),
(7835, 6, 222),
(7836, 7, 222),
(7837, 8, 222),
(7838, 9, 222),
(7839, 10, 222),
(7840, 11, 222),
(7841, 12, 222),
(7842, 13, 222),
(7843, 14, 222),
(7844, 15, 222),
(7845, 16, 222),
(7846, 17, 222),
(7847, 18, 222),
(7848, 19, 222),
(7849, 20, 222),
(7850, 21, 222),
(7851, 22, 222),
(7852, 1, 223),
(7853, 2, 223),
(7854, 3, 223),
(7855, 4, 223),
(7856, 5, 223),
(7857, 6, 223),
(7858, 7, 223),
(7859, 8, 223),
(7860, 9, 223),
(7861, 10, 223),
(7862, 11, 223),
(7863, 12, 223),
(7864, 13, 223),
(7865, 14, 223),
(7866, 15, 223),
(7867, 16, 223),
(7868, 17, 223),
(7869, 18, 223),
(7870, 19, 223),
(7871, 20, 223),
(7872, 21, 223),
(7873, 22, 223),
(7874, 1, 224),
(7875, 2, 224),
(7876, 3, 224),
(7877, 4, 224),
(7878, 5, 224),
(7879, 6, 224),
(7880, 7, 224),
(7881, 8, 224),
(7882, 9, 224),
(7883, 10, 224),
(7884, 11, 224),
(7885, 12, 224),
(7886, 13, 224),
(7887, 14, 224),
(7888, 15, 224),
(7889, 16, 224),
(7890, 17, 224),
(7891, 18, 224),
(7892, 19, 224),
(7893, 20, 224),
(7894, 21, 224),
(7895, 22, 224),
(7896, 1, 225),
(7897, 2, 225),
(7898, 3, 225),
(7899, 4, 225),
(7900, 5, 225),
(7901, 6, 225),
(7902, 7, 225),
(7903, 8, 225),
(7904, 9, 225),
(7905, 10, 225),
(7906, 11, 225),
(7907, 12, 225),
(7908, 13, 225),
(7909, 14, 225),
(7910, 15, 225),
(7911, 16, 225),
(7912, 17, 225),
(7913, 18, 225),
(7914, 19, 225),
(7915, 20, 225),
(7916, 21, 225),
(7917, 22, 225),
(7918, 1, 226),
(7919, 2, 226),
(7920, 3, 226),
(7921, 4, 226),
(7922, 5, 226),
(7923, 6, 226),
(7924, 7, 226),
(7925, 8, 226),
(7926, 9, 226),
(7927, 10, 226),
(7928, 11, 226),
(7929, 12, 226),
(7930, 13, 226),
(7931, 14, 226),
(7932, 15, 226),
(7933, 16, 226),
(7934, 17, 226),
(7935, 18, 226),
(7936, 19, 226),
(7937, 20, 226),
(7938, 21, 226),
(7939, 22, 226),
(7940, 1, 227),
(7941, 2, 227),
(7942, 3, 227),
(7943, 4, 227),
(7944, 5, 227),
(7945, 6, 227),
(7946, 7, 227),
(7947, 8, 227),
(7948, 9, 227),
(7949, 10, 227),
(7950, 11, 227),
(7951, 12, 227),
(7952, 13, 227),
(7953, 14, 227),
(7954, 15, 227),
(7955, 16, 227),
(7956, 17, 227),
(7957, 18, 227),
(7958, 19, 227),
(7959, 20, 227),
(7960, 21, 227),
(7961, 22, 227),
(7962, 1, 228),
(7963, 2, 228),
(7964, 3, 228),
(7965, 4, 228),
(7966, 5, 228),
(7967, 6, 228),
(7968, 7, 228),
(7969, 8, 228),
(7970, 9, 228),
(7971, 10, 228),
(7972, 11, 228),
(7973, 12, 228),
(7974, 13, 228),
(7975, 14, 228),
(7976, 15, 228),
(7977, 16, 228),
(7978, 17, 228),
(7979, 18, 228),
(7980, 19, 228),
(7981, 20, 228),
(7982, 21, 228),
(7983, 22, 228),
(7984, 1, 229),
(7985, 2, 229),
(7986, 3, 229),
(7987, 4, 229),
(7988, 5, 229),
(7989, 6, 229),
(7990, 7, 229),
(7991, 8, 229),
(7992, 9, 229),
(7993, 10, 229),
(7994, 11, 229),
(7995, 12, 229),
(7996, 13, 229),
(7997, 14, 229),
(7998, 15, 229),
(7999, 16, 229),
(8000, 17, 229),
(8001, 18, 229),
(8002, 19, 229),
(8003, 20, 229),
(8004, 21, 229),
(8005, 22, 229),
(8006, 1, 230),
(8007, 2, 230),
(8008, 3, 230),
(8009, 4, 230),
(8010, 5, 230),
(8011, 6, 230),
(8012, 7, 230),
(8013, 8, 230),
(8014, 9, 230),
(8015, 10, 230),
(8016, 11, 230),
(8017, 12, 230),
(8018, 13, 230),
(8019, 14, 230),
(8020, 15, 230),
(8021, 16, 230),
(8022, 17, 230),
(8023, 18, 230),
(8024, 19, 230),
(8025, 20, 230),
(8026, 21, 230),
(8027, 22, 230),
(8028, 1, 231),
(8029, 2, 231),
(8030, 3, 231),
(8031, 4, 231),
(8032, 5, 231),
(8033, 6, 231),
(8034, 7, 231),
(8035, 8, 231),
(8036, 9, 231),
(8037, 10, 231),
(8038, 11, 231),
(8039, 12, 231),
(8040, 13, 231),
(8041, 14, 231),
(8042, 15, 231),
(8043, 16, 231),
(8044, 17, 231),
(8045, 18, 231),
(8046, 19, 231),
(8047, 20, 231),
(8048, 21, 231),
(8049, 22, 231),
(8050, 1, 232),
(8051, 2, 232),
(8052, 3, 232),
(8053, 4, 232),
(8054, 5, 232),
(8055, 6, 232),
(8056, 7, 232),
(8057, 8, 232),
(8058, 9, 232),
(8059, 10, 232),
(8060, 11, 232),
(8061, 12, 232),
(8062, 13, 232),
(8063, 14, 232),
(8064, 15, 232),
(8065, 16, 232),
(8066, 17, 232),
(8067, 18, 232),
(8068, 19, 232),
(8069, 20, 232),
(8070, 21, 232),
(8071, 22, 232),
(8072, 1, 233),
(8073, 2, 233),
(8074, 3, 233),
(8075, 4, 233),
(8076, 5, 233),
(8077, 6, 233),
(8078, 7, 233),
(8079, 8, 233),
(8080, 9, 233),
(8081, 10, 233),
(8082, 11, 233),
(8083, 12, 233),
(8084, 13, 233),
(8085, 14, 233),
(8086, 15, 233),
(8087, 16, 233),
(8088, 17, 233),
(8089, 18, 233),
(8090, 19, 233),
(8091, 20, 233),
(8092, 21, 233),
(8093, 22, 233),
(8094, 1, 234),
(8095, 2, 234),
(8096, 3, 234),
(8097, 4, 234),
(8098, 5, 234),
(8099, 6, 234),
(8100, 7, 234),
(8101, 8, 234),
(8102, 9, 234),
(8103, 10, 234),
(8104, 11, 234),
(8105, 12, 234),
(8106, 13, 234),
(8107, 14, 234),
(8108, 15, 234),
(8109, 16, 234),
(8110, 17, 234),
(8111, 18, 234),
(8112, 19, 234),
(8113, 20, 234),
(8114, 21, 234),
(8115, 22, 234),
(8116, 1, 235),
(8117, 2, 235),
(8118, 3, 235),
(8119, 4, 235),
(8120, 5, 235),
(8121, 6, 235),
(8122, 7, 235),
(8123, 8, 235),
(8124, 9, 235),
(8125, 10, 235),
(8126, 11, 235),
(8127, 12, 235),
(8128, 13, 235),
(8129, 14, 235),
(8130, 15, 235),
(8131, 16, 235),
(8132, 17, 235),
(8133, 18, 235),
(8134, 19, 235),
(8135, 20, 235),
(8136, 21, 235),
(8137, 22, 235),
(8138, 1, 236),
(8139, 2, 236),
(8140, 3, 236),
(8141, 4, 236),
(8142, 5, 236),
(8143, 6, 236),
(8144, 7, 236),
(8145, 8, 236),
(8146, 9, 236),
(8147, 10, 236),
(8148, 11, 236),
(8149, 12, 236),
(8150, 13, 236),
(8151, 14, 236),
(8152, 15, 236),
(8153, 1, 237),
(8154, 2, 237),
(8155, 3, 237),
(8156, 4, 237),
(8157, 5, 237),
(8158, 6, 237),
(8159, 7, 237),
(8160, 8, 237),
(8161, 9, 237),
(8162, 10, 237),
(8163, 11, 237),
(8164, 12, 237),
(8165, 13, 237),
(8166, 14, 237),
(8167, 15, 237),
(8168, 1, 238),
(8169, 2, 238),
(8170, 3, 238),
(8171, 4, 238),
(8172, 5, 238),
(8173, 6, 238),
(8174, 7, 238),
(8175, 8, 238),
(8176, 9, 238),
(8177, 10, 238),
(8178, 11, 238),
(8179, 12, 238),
(8180, 13, 238),
(8181, 14, 238),
(8182, 15, 238),
(8183, 1, 239),
(8184, 2, 239),
(8185, 3, 239),
(8186, 4, 239),
(8187, 5, 239),
(8188, 6, 239),
(8189, 7, 239),
(8190, 8, 239),
(8191, 9, 239),
(8192, 10, 239),
(8193, 11, 239),
(8194, 12, 239),
(8195, 13, 239),
(8196, 14, 239),
(8197, 15, 239),
(8198, 1, 240),
(8199, 2, 240),
(8200, 3, 240),
(8201, 4, 240),
(8202, 5, 240),
(8203, 6, 240),
(8204, 7, 240),
(8205, 8, 240),
(8206, 9, 240),
(8207, 10, 240),
(8208, 11, 240),
(8209, 12, 240),
(8210, 13, 240),
(8211, 14, 240),
(8212, 15, 240),
(8213, 1, 241),
(8214, 2, 241),
(8215, 3, 241),
(8216, 4, 241),
(8217, 5, 241),
(8218, 6, 241),
(8219, 7, 241),
(8220, 8, 241),
(8221, 9, 241),
(8222, 10, 241),
(8223, 11, 241),
(8224, 12, 241),
(8225, 13, 241),
(8226, 14, 241),
(8227, 15, 241),
(8228, 1, 242),
(8229, 2, 242),
(8230, 3, 242),
(8231, 4, 242),
(8232, 5, 242),
(8233, 6, 242),
(8234, 7, 242),
(8235, 8, 242),
(8236, 9, 242),
(8237, 10, 242),
(8238, 11, 242),
(8239, 12, 242),
(8240, 13, 242),
(8241, 14, 242),
(8242, 15, 242),
(8243, 1, 243),
(8244, 2, 243),
(8245, 3, 243),
(8246, 4, 243),
(8247, 5, 243),
(8248, 6, 243),
(8249, 7, 243),
(8250, 8, 243),
(8251, 9, 243),
(8252, 10, 243),
(8253, 11, 243),
(8254, 12, 243),
(8255, 13, 243),
(8256, 14, 243),
(8257, 15, 243),
(8258, 1, 244),
(8259, 2, 244),
(8260, 3, 244),
(8261, 4, 244),
(8262, 5, 244),
(8263, 6, 244),
(8264, 7, 244),
(8265, 8, 244),
(8266, 9, 244),
(8267, 10, 244),
(8268, 11, 244),
(8269, 12, 244),
(8270, 13, 244),
(8271, 14, 244),
(8272, 15, 244),
(8273, 1, 245),
(8274, 2, 245),
(8275, 3, 245),
(8276, 4, 245),
(8277, 5, 245),
(8278, 6, 245),
(8279, 7, 245),
(8280, 8, 245),
(8281, 9, 245),
(8282, 10, 245),
(8283, 11, 245),
(8284, 12, 245),
(8285, 13, 245),
(8286, 14, 245),
(8287, 15, 245),
(8288, 1, 246),
(8289, 2, 246),
(8290, 3, 246),
(8291, 4, 246),
(8292, 5, 246),
(8293, 6, 246),
(8294, 7, 246),
(8295, 8, 246),
(8296, 9, 246),
(8297, 10, 246),
(8298, 11, 246),
(8299, 12, 246),
(8300, 13, 246),
(8301, 14, 246),
(8302, 15, 246),
(8303, 1, 247),
(8304, 2, 247),
(8305, 3, 247),
(8306, 4, 247),
(8307, 5, 247),
(8308, 6, 247),
(8309, 7, 247),
(8310, 8, 247),
(8311, 9, 247),
(8312, 10, 247),
(8313, 11, 247),
(8314, 12, 247),
(8315, 13, 247),
(8316, 14, 247),
(8317, 15, 247),
(8318, 1, 248),
(8319, 2, 248),
(8320, 3, 248),
(8321, 4, 248),
(8322, 5, 248),
(8323, 6, 248),
(8324, 7, 248),
(8325, 8, 248),
(8326, 9, 248),
(8327, 10, 248),
(8328, 11, 248),
(8329, 12, 248),
(8330, 13, 248),
(8331, 14, 248),
(8332, 15, 248),
(8333, 1, 249),
(8334, 2, 249),
(8335, 3, 249),
(8336, 4, 249),
(8337, 5, 249),
(8338, 6, 249),
(8339, 7, 249),
(8340, 8, 249),
(8341, 9, 249),
(8342, 10, 249),
(8343, 11, 249),
(8344, 12, 249),
(8345, 13, 249),
(8346, 14, 249),
(8347, 15, 249),
(8348, 1, 250),
(8349, 2, 250),
(8350, 3, 250),
(8351, 4, 250),
(8352, 5, 250),
(8353, 6, 250),
(8354, 7, 250),
(8355, 8, 250),
(8356, 9, 250),
(8357, 10, 250),
(8358, 11, 250),
(8359, 12, 250),
(8360, 13, 250),
(8361, 14, 250),
(8362, 15, 250),
(8363, 1, 251),
(8364, 2, 251),
(8365, 3, 251),
(8366, 4, 251),
(8367, 5, 251),
(8368, 6, 251),
(8369, 7, 251),
(8370, 8, 251),
(8371, 9, 251),
(8372, 10, 251),
(8373, 11, 251),
(8374, 12, 251),
(8375, 13, 251),
(8376, 14, 251),
(8377, 15, 251),
(8378, 1, 252),
(8379, 2, 252),
(8380, 3, 252),
(8381, 4, 252),
(8382, 5, 252),
(8383, 6, 252),
(8384, 7, 252),
(8385, 8, 252),
(8386, 9, 252),
(8387, 10, 252),
(8388, 11, 252),
(8389, 12, 252),
(8390, 13, 252),
(8391, 14, 252),
(8392, 15, 252),
(8393, 1, 253),
(8394, 2, 253),
(8395, 3, 253),
(8396, 4, 253),
(8397, 5, 253),
(8398, 6, 253),
(8399, 7, 253),
(8400, 8, 253),
(8401, 9, 253),
(8402, 10, 253),
(8403, 11, 253),
(8404, 12, 253),
(8405, 13, 253),
(8406, 14, 253),
(8407, 15, 253),
(8408, 1, 254),
(8409, 2, 254),
(8410, 3, 254),
(8411, 4, 254),
(8412, 5, 254),
(8413, 6, 254),
(8414, 7, 254),
(8415, 8, 254),
(8416, 9, 254),
(8417, 10, 254),
(8418, 11, 254),
(8419, 12, 254),
(8420, 13, 254),
(8421, 14, 254),
(8422, 15, 254),
(8423, 1, 255),
(8424, 2, 255),
(8425, 3, 255),
(8426, 4, 255),
(8427, 5, 255),
(8428, 6, 255),
(8429, 7, 255),
(8430, 8, 255),
(8431, 9, 255),
(8432, 10, 255),
(8433, 11, 255),
(8434, 12, 255),
(8435, 13, 255),
(8436, 14, 255),
(8437, 15, 255),
(8438, 1, 256),
(8439, 2, 256),
(8440, 3, 256),
(8441, 4, 256),
(8442, 5, 256),
(8443, 6, 256),
(8444, 7, 256),
(8445, 8, 256),
(8446, 9, 256),
(8447, 10, 256),
(8448, 11, 256),
(8449, 12, 256),
(8450, 13, 256),
(8451, 14, 256),
(8452, 15, 256),
(8453, 1, 257),
(8454, 2, 257),
(8455, 3, 257),
(8456, 4, 257),
(8457, 5, 257),
(8458, 6, 257),
(8459, 7, 257),
(8460, 8, 257),
(8461, 9, 257),
(8462, 10, 257),
(8463, 11, 257),
(8464, 12, 257),
(8465, 13, 257),
(8466, 14, 257),
(8467, 15, 257),
(8468, 1, 258),
(8469, 2, 258),
(8470, 3, 258),
(8471, 4, 258),
(8472, 5, 258),
(8473, 6, 258),
(8474, 7, 258),
(8475, 8, 258),
(8476, 9, 258),
(8477, 10, 258),
(8478, 11, 258),
(8479, 12, 258),
(8480, 13, 258),
(8481, 14, 258),
(8482, 15, 258),
(8483, 1, 259),
(8484, 2, 259),
(8485, 3, 259),
(8486, 4, 259),
(8487, 5, 259),
(8488, 6, 259),
(8489, 7, 259),
(8490, 8, 259),
(8491, 9, 259),
(8492, 10, 259),
(8493, 11, 259),
(8494, 12, 259),
(8495, 13, 259),
(8496, 14, 259),
(8497, 15, 259),
(8498, 1, 260),
(8499, 2, 260),
(8500, 3, 260),
(8501, 4, 260),
(8502, 5, 260),
(8503, 6, 260),
(8504, 7, 260),
(8505, 8, 260),
(8506, 9, 260),
(8507, 10, 260),
(8508, 11, 260),
(8509, 12, 260),
(8510, 13, 260),
(8511, 14, 260),
(8512, 15, 260),
(8513, 1, 261),
(8514, 2, 261),
(8515, 3, 261),
(8516, 4, 261),
(8517, 5, 261),
(8518, 6, 261),
(8519, 7, 261),
(8520, 8, 261),
(8521, 9, 261),
(8522, 10, 261),
(8523, 11, 261),
(8524, 12, 261),
(8525, 13, 261),
(8526, 14, 261),
(8527, 15, 261),
(8528, 1, 262),
(8529, 2, 262),
(8530, 3, 262),
(8531, 4, 262),
(8532, 5, 262),
(8533, 6, 262),
(8534, 7, 262),
(8535, 8, 262),
(8536, 9, 262),
(8537, 10, 262),
(8538, 11, 262),
(8539, 12, 262),
(8540, 13, 262),
(8541, 14, 262),
(8542, 15, 262),
(8543, 1, 263),
(8544, 2, 263),
(8545, 3, 263),
(8546, 4, 263),
(8547, 5, 263),
(8548, 6, 263),
(8549, 7, 263),
(8550, 8, 263),
(8551, 9, 263),
(8552, 10, 263),
(8553, 11, 263),
(8554, 12, 263),
(8555, 13, 263),
(8556, 14, 263),
(8557, 15, 263),
(8558, 1, 264),
(8559, 2, 264),
(8560, 3, 264),
(8561, 4, 264),
(8562, 5, 264),
(8563, 6, 264),
(8564, 7, 264),
(8565, 8, 264),
(8566, 9, 264),
(8567, 10, 264),
(8568, 11, 264),
(8569, 12, 264),
(8570, 13, 264),
(8571, 14, 264),
(8572, 15, 264),
(8573, 1, 265),
(8574, 2, 265),
(8575, 3, 265),
(8576, 4, 265),
(8577, 5, 265),
(8578, 6, 265),
(8579, 7, 265),
(8580, 8, 265),
(8581, 9, 265),
(8582, 10, 265),
(8583, 11, 265),
(8584, 12, 265),
(8585, 13, 265),
(8586, 14, 265),
(8587, 15, 265),
(8588, 1, 266),
(8589, 2, 266),
(8590, 3, 266),
(8591, 4, 266),
(8592, 5, 266),
(8593, 6, 266),
(8594, 7, 266),
(8595, 8, 266),
(8596, 9, 266),
(8597, 10, 266),
(8598, 11, 266),
(8599, 12, 266),
(8600, 13, 266),
(8601, 14, 266),
(8602, 15, 266),
(8603, 1, 267),
(8604, 2, 267),
(8605, 3, 267),
(8606, 4, 267),
(8607, 5, 267),
(8608, 6, 267),
(8609, 7, 267),
(8610, 8, 267),
(8611, 9, 267),
(8612, 10, 267),
(8613, 11, 267),
(8614, 12, 267),
(8615, 13, 267),
(8616, 14, 267),
(8617, 15, 267),
(8618, 1, 268),
(8619, 2, 268),
(8620, 3, 268),
(8621, 4, 268),
(8622, 5, 268),
(8623, 6, 268),
(8624, 7, 268),
(8625, 8, 268),
(8626, 9, 268),
(8627, 10, 268),
(8628, 11, 268),
(8629, 12, 268),
(8630, 13, 268),
(8631, 14, 268),
(8632, 15, 268),
(8633, 1, 269),
(8634, 2, 269),
(8635, 3, 269),
(8636, 4, 269),
(8637, 5, 269),
(8638, 6, 269),
(8639, 7, 269),
(8640, 8, 269),
(8641, 9, 269),
(8642, 10, 269),
(8643, 11, 269),
(8644, 12, 269),
(8645, 13, 269),
(8646, 14, 269),
(8647, 15, 269),
(8648, 1, 270),
(8649, 2, 270),
(8650, 3, 270),
(8651, 4, 270),
(8652, 5, 270),
(8653, 6, 270),
(8654, 7, 270),
(8655, 8, 270),
(8656, 9, 270),
(8657, 10, 270),
(8658, 11, 270),
(8659, 12, 270),
(8660, 13, 270),
(8661, 14, 270),
(8662, 15, 270),
(8663, 1, 271),
(8664, 2, 271),
(8665, 3, 271),
(8666, 4, 271),
(8667, 5, 271),
(8668, 6, 271),
(8669, 7, 271),
(8670, 8, 271),
(8671, 9, 271),
(8672, 10, 271),
(8673, 11, 271),
(8674, 12, 271),
(8675, 13, 271),
(8676, 14, 271),
(8677, 15, 271),
(8678, 1, 272),
(8679, 2, 272),
(8680, 3, 272),
(8681, 4, 272),
(8682, 5, 272),
(8683, 6, 272),
(8684, 7, 272),
(8685, 8, 272),
(8686, 9, 272),
(8687, 10, 272),
(8688, 11, 272),
(8689, 12, 272),
(8690, 13, 272),
(8691, 14, 272),
(8692, 15, 272),
(8693, 1, 273),
(8694, 2, 273),
(8695, 3, 273),
(8696, 4, 273),
(8697, 5, 273),
(8698, 6, 273),
(8699, 7, 273),
(8700, 8, 273),
(8701, 9, 273),
(8702, 10, 273),
(8703, 11, 273),
(8704, 12, 273),
(8705, 13, 273),
(8706, 14, 273),
(8707, 15, 273),
(8708, 1, 274),
(8709, 2, 274),
(8710, 3, 274),
(8711, 4, 274),
(8712, 5, 274),
(8713, 6, 274),
(8714, 7, 274),
(8715, 8, 274),
(8716, 9, 274),
(8717, 10, 274),
(8718, 11, 274),
(8719, 12, 274),
(8720, 13, 274),
(8721, 14, 274),
(8722, 15, 274),
(8723, 1, 275),
(8724, 2, 275),
(8725, 3, 275),
(8726, 4, 275),
(8727, 5, 275),
(8728, 6, 275),
(8729, 7, 275),
(8730, 8, 275),
(8731, 9, 275),
(8732, 10, 275),
(8733, 11, 275),
(8734, 12, 275),
(8735, 13, 275),
(8736, 14, 275),
(8737, 15, 275);

-- --------------------------------------------------------

--
-- Struktura tabeli dla tabeli `sectors`
--

CREATE TABLE `sectors` (
  `id` int(11) NOT NULL,
  `name` varchar(255) DEFAULT NULL,
  `venue_id` int(11) DEFAULT NULL
) ENGINE=InnoDB DEFAULT CHARSET=utf8mb4 COLLATE=utf8mb4_general_ci;

--
-- Dumping data for table `sectors`
--

INSERT INTO `sectors` (`id`, `name`, `venue_id`) VALUES
(1, 'C2', 1),
(2, 'C3', 1),
(3, 'C4', 1),
(4, 'D11', 1),
(5, 'D12', 1),
(6, 'D13', 1),
(7, 'D14', 1),
(8, 'D15', 1),
(9, 'D16', 1),
(10, 'D17', 1),
(11, 'D18', 1),
(12, 'D19', 1),
(13, 'D20', 1),
(14, 'V1', 1),
(15, 'V2', 1),
(16, 'V3', 1),
(17, 'V4', 1);

-- --------------------------------------------------------

--
-- Struktura tabeli dla tabeli `site_config`
--

CREATE TABLE `site_config` (
  `name` varchar(255) NOT NULL,
  `value` text DEFAULT NULL
) ENGINE=InnoDB DEFAULT CHARSET=utf8mb4 COLLATE=utf8mb4_general_ci;

--
-- Dumping data for table `site_config`
--

INSERT INTO `site_config` (`name`, `value`) VALUES
('about_content', '# **O NAS**  \r\n\r\n## 🎟 **Biletowo – Twoje centrum wydarzeń!**  \r\n\r\nWitaj na **Biletowo** – miejscu, gdzie pasja do kultury, muzyki i rozrywki łączy się z nowoczesną technologią! Nasza platforma powstała z myślą o wszystkich, którzy kochają koncerty, festiwale, spektakle teatralne, wydarzenia sportowe i inne eventy.  \r\n\r\nNaszym celem jest ułatwienie dostępu do najlepszych wydarzeń – bez kolejek, bez stresu i w zaledwie kilka kliknięć. Dzięki **intuicyjnej wyszukiwarce** oraz **bezpiecznym metodom płatności**, możesz zarezerwować bilet szybko i wygodnie, gdziekolwiek jesteś.  \r\n\r\n## 🎯 **Dlaczego warto wybrać Biletowo?**  \r\n\r\n✅ **Szeroka oferta wydarzeń** – koncerty, teatr, stand-up, imprezy sportowe i wiele więcej!  \r\n✅ **Łatwy i szybki zakup** – kupuj bilety w kilka minut, bez wychodzenia z domu.  \r\n✅ **Bezpieczeństwo transakcji** – korzystamy z najlepszych systemów płatności online.  \r\n✅ **Powiadomienia o nowych wydarzeniach** – bądź na bieżąco z nadchodzącymi eventami.  \r\n✅ **Obsługa klienta na najwyższym poziomie** – zawsze chętnie Ci pomożemy!  \r\n\r\n📩 Masz pytania? Skontaktuj się z nami na **kontakt@biletowo.pl**  '),
('baner_image', 'taco-baner.jpg'),
('baner_url', '1-800-tour'),
('faq_content', '# **FAQ – NAJCZĘŚCIEJ ZADAWANE PYTANIA**  \r\n\r\n## **Jak kupić bilet?**  \r\n1️⃣ Wybierz wydarzenie, na które chcesz się wybrać.  \r\n2️⃣ Dodaj bilety do koszyka.  \r\n3️⃣ Dokonaj płatności online.  \r\n4️⃣ Otrzymasz e-mail z biletem elektronicznym.  \r\n\r\n## **Jakie są metody płatności?**  \r\n✔ Karta płatnicza (Visa, Mastercard)  \r\n✔ BLIK  \r\n✔ Szybkie przelewy internetowe  \r\n\r\n## **Czy mogę zwrócić bilet?**  \r\nZwrot biletu jest możliwy tylko w przypadku odwołania wydarzenia.  \r\n\r\n## **Nie otrzymałem biletu – co robić?**  \r\n📌 Sprawdź folder SPAM w swojej skrzynce e-mail.  \r\n📌 Jeśli biletu nadal nie ma, skontaktuj się z nami pod adresem **kontakt@biletowo.pl**.  \r\n\r\n## **Czy mogę zmienić dane na bilecie?**  \r\nW niektórych przypadkach organizatorzy pozwalają na zmianę danych. Skontaktuj się z nami, aby sprawdzić dostępne opcje.  \r\n\r\n## **Czy moje dane są bezpieczne?**  \r\nTak! Stosujemy nowoczesne technologie szyfrowania i zabezpieczeń, aby chronić Twoje dane.  '),
('kontakt_content', '# **KONTAKT**  \r\n\r\n## 📞 **Skontaktuj się z nami!**  \r\n\r\nMasz pytania dotyczące zakupu biletów? Napotkałeś problem z zamówieniem? A może chcesz dowiedzieć się więcej o nadchodzących wydarzeniach? Nasz **zespół obsługi klienta** jest gotowy, aby Ci pomóc!  \r\n\r\n📧 **E-mail:** kontakt@biletowo.pl  \r\n📞 **Telefon:** +48 123 456 789  \r\n📍 **Adres biura:** ul. Kulturalna 10, 00-001 Warszawa  \r\n🕒 **Godziny pracy:** Poniedziałek – Piątek, 9:00 – 18:00  \r\n\r\nMożesz również skorzystać z **formularza kontaktowego** na naszej stronie – odpowiemy najszybciej, jak to możliwe! '),
('metody-platnosci_content', '# **Metody płatności**  \r\n\r\n## 💳 **Jak mogę zapłacić za bilety?**  \r\nW Biletowo zapewniamy bezpieczne płatności online. Dostępne metody to:  \r\n\r\n✔ **Karty płatnicze** – Visa, Mastercard, Maestro  \r\n✔ **BLIK** – szybkie płatności mobilne  \r\n✔ **Przelewy online** – obsługiwane przez system PayU  \r\n\r\n## ⚠ **Płatność nie powiodła się – co robić?**  \r\n- Upewnij się, że masz wystarczające środki na koncie.  \r\n- Sprawdź, czy karta jest aktywna i obsługuje płatności internetowe.  \r\n- Spróbuj ponownie lub skorzystaj z innej metody płatności.  \r\n\r\nJeśli nadal masz problem, skontaktuj się z nami: **[kontakt@biletowo.pl](#)**  '),
('polityka-prywatnosci_content', '# **POLITYKA PRYWATNOŚCI**  \r\n\r\n## **1. Postanowienia ogólne**  \r\n1.1. Niniejsza **Polityka Prywatności** określa zasady przetwarzania, przechowywania i ochrony danych osobowych użytkowników korzystających z serwisu **Biletowo** dostępnego pod adresem [www.biletowo.pl](#).  \r\n1.2. Administratorem danych osobowych jest **Biletowo Sp. z o.o.**, z siedzibą przy ul. Kulturalnej 10, 00-001 Warszawa, wpisana do Krajowego Rejestru Sądowego pod numerem KRS: 0000000000, NIP: 0000000000, REGON: 000000000.  \r\n1.3. Wszelkie działania związane z przetwarzaniem danych osobowych są zgodne z obowiązującymi przepisami, w tym z **Rozporządzeniem Parlamentu Europejskiego i Rady (UE) 2016/679 (RODO)** oraz ustawą o ochronie danych osobowych.  \r\n\r\n## **2. Jakie dane zbieramy?**  \r\nPodczas korzystania z naszego serwisu zbieramy następujące dane osobowe:  \r\n- **Podstawowe dane użytkownika:** imię, nazwisko, adres e-mail, numer telefonu, adres zamieszkania (w przypadku zamówień wymagających wysyłki).  \r\n- **Dane płatnicze:** informacje o transakcjach, nr rachunku bankowego (przy zwrotach), nie przechowujemy danych kart płatniczych – są one przetwarzane przez zewnętrznych operatorów płatności (np. PayU, Przelewy24).  \r\n- **Dane techniczne:** adres IP, typ urządzenia, system operacyjny, przeglądarka internetowa.  \r\n\r\n## **3. Cel przetwarzania danych**  \r\nTwoje dane przetwarzamy w następujących celach:  \r\n✅ **Realizacja zamówienia** – umożliwienie zakupu biletów i ich dostarczenie.  \r\n✅ **Obsługa klienta** – udzielanie odpowiedzi na pytania, rozwiązywanie problemów z zamówieniami.  \r\n✅ **Marketing i newslettery** – jeśli wyrazisz zgodę, możemy przesyłać Ci informacje o nadchodzących wydarzeniach.  \r\n✅ **Bezpieczeństwo serwisu** – zapobieganie nadużyciom, analiza ruchu na stronie.  \r\n\r\n## **4. Przechowywanie danych**  \r\nTwoje dane osobowe przechowujemy przez okres niezbędny do realizacji celów, w jakich zostały zgromadzone:  \r\n- Dane transakcyjne – przez 5 lat (zgodnie z wymogami podatkowymi).  \r\n- Dane użytkownika – do momentu usunięcia konta lub cofnięcia zgody.  \r\n\r\n## **5. Udostępnianie danych**  \r\nTwoje dane mogą być przekazywane:  \r\n- Operatorom płatności w celu realizacji płatności.  \r\n- Organizatorom wydarzeń (jeśli wymaga tego organizacja wydarzenia).  \r\n- Firmom kurierskim (jeśli wysyłka biletów odbywa się drogą pocztową).  \r\n- Organom ścigania, jeśli wymaga tego prawo.  \r\n\r\n## **6. Twoje prawa**  \r\nMasz prawo do:  \r\n🔹 **Dostępu do swoich danych** – możesz sprawdzić, jakie informacje przechowujemy.  \r\n🔹 **Sprostowania danych** – jeśli są błędne lub nieaktualne.  \r\n🔹 **Usunięcia danych** – możesz zażądać usunięcia swoich danych, jeśli nie są już potrzebne.  \r\n🔹 **Ograniczenia przetwarzania** – jeśli chcesz wstrzymać przetwarzanie danych w określonych sytuacjach.  \r\n🔹 **Przenoszenia danych** – możesz zażądać przekazania swoich danych do innego administratora.  \r\n🔹 **Złożenia skargi** – jeśli uznasz, że Twoje dane są przetwarzane niezgodnie z prawem, możesz skontaktować się z **Urzędem Ochrony Danych Osobowych (UODO)**.  \r\n\r\n## **7. Pliki cookies**  \r\nNasza strona korzysta z plików **cookies** w celu poprawy jakości usług. Możesz zmienić ustawienia cookies w swojej przeglądarce.  \r\n\r\n## **8. Kontakt w sprawie ochrony danych**  \r\nW przypadku pytań dotyczących ochrony danych osobowych skontaktuj się z nami: **kontakt@biletowo.pl** '),
('regulamin_content', '# **REGULAMIN**  \r\n\r\n## **1. Postanowienia ogólne**  \r\n1.1. Regulamin określa zasady korzystania z serwisu **Biletowo**, w tym zasady zakupu biletów, zwrotów i reklamacji.  \r\n1.2. Każdy użytkownik zobowiązany jest do zapoznania się z regulaminem przed dokonaniem zakupu.  \r\n\r\n## **2. Zakup biletów**  \r\n2.1. Zamówienia mogą składać osoby pełnoletnie oraz osoby niepełnoletnie za zgodą opiekuna prawnego.  \r\n2.2. Płatność za bilety odbywa się wyłącznie online.  \r\n2.3. Po dokonaniu płatności użytkownik otrzymuje e-mail z biletem elektronicznym.  \r\n\r\n## **3. Zwroty i reklamacje**  \r\n3.1. Zwrot biletu możliwy jest wyłącznie w przypadku odwołania wydarzenia.  \r\n3.2. Reklamacje dotyczące zamówienia należy zgłaszać w ciągu 14 dni od daty zakupu.  \r\n3.3. Reklamacje rozpatrywane są w ciągu 7 dni roboczych.  \r\n\r\n## **4. Postanowienia końcowe**  \r\n4.1. Administrator zastrzega sobie prawo do zmian w regulaminie.  \r\n4.2. W sprawach nieuregulowanych niniejszym regulaminem obowiązują przepisy prawa polskiego.  '),
('wsparcie-klienta_content', '# **Wsparcie klienta**  \r\n\r\nMasz pytania dotyczące biletów, płatności lub wydarzeń? Nasz zespół jest gotowy do pomocy!  \r\n\r\n📧 **E-mail:** [kontakt@biletowo.pl](#)  \r\n📞 **Telefon:** +48 123 456 789  \r\n📅 **Godziny pracy:** Poniedziałek – Piątek, 9:00 – 18:00  \r\n\r\n📩 Możesz także skorzystać z **formularza kontaktowego**, a my odpowiemy najszybciej, jak to możliwe.  \r\n\r\n🎟 **Biletowo – bo każda chwila jest warta przeżycia!**  '),
('zwroty-reklamacje_content', '# **Zwroty i reklamacje**  \r\n\r\n## 🔄 **Czy mogę zwrócić bilet?**  \r\nZwrot biletu jest możliwy **tylko w przypadku odwołania wydarzenia** przez organizatora. Jeśli wydarzenie zostanie przełożone, Twój bilet zachowuje ważność na nową datę.  \r\n\r\n## ⚠ **Bilet nie działa?**  \r\nJeśli Twój bilet nie działa lub nie otrzymałeś go na e-mail, sprawdź folder **SPAM**. Jeśli nadal masz problem, skontaktuj się z nami:  \r\n\r\n📧 **E-mail:** [kontakt@biletowo.pl](#)  \r\n📞 **Telefon:** +48 123 456 789  \r\n\r\n## 📌 **Jak zgłosić reklamację?**  \r\nJeśli masz problem z biletem lub płatnością, wypełnij **formularz reklamacyjny** dostępny na stronie. Odpowiemy w ciągu **48 godzin roboczych**. ');

-- --------------------------------------------------------

--
-- Struktura tabeli dla tabeli `ticket`
--

CREATE TABLE `ticket` (
  `id` int(11) NOT NULL,
  `ticket_price_id` int(11) NOT NULL,
  `ticket_id` int(11) NOT NULL,
  `quantity` int(11) NOT NULL
) ENGINE=InnoDB DEFAULT CHARSET=utf8mb4 COLLATE=utf8mb4_general_ci;

--
-- Dumping data for table `ticket`
--

INSERT INTO `ticket` (`id`, `ticket_price_id`, `ticket_id`, `quantity`) VALUES
(2, 69, 1, 2),
(3, 68, 1, 1),
(5, 68, 6, 2),
(6, 69, 6, 3),
(8, 68, 7, 2),
(9, 69, 7, 3),
(13, 68, 9, 2),
(14, 69, 9, 3),
(15, 68, 10, 1),
(16, 69, 13, 1),
(17, 68, 15, 1),
(18, 68, 16, 1),
(19, 69, 17, 1),
(20, 68, 18, 1),
(21, 69, 18, 1),
(22, 67, 19, 1),
(23, 67, 21, 1),
(24, 68, 22, 1),
(25, 69, 22, 1),
(26, 67, 23, 1),
(27, 68, 23, 2),
(28, 69, 23, 2);

-- --------------------------------------------------------

--
-- Struktura tabeli dla tabeli `tickets`
--

CREATE TABLE `tickets` (
  `id` int(11) NOT NULL,
  `ticket_number` varchar(255) DEFAULT NULL,
  `email` varchar(255) DEFAULT NULL,
  `first_name` varchar(255) DEFAULT NULL,
  `last_name` varchar(255) DEFAULT NULL,
  `event_id` int(11) DEFAULT NULL,
  `date_id` int(11) DEFAULT NULL,
  `purchase_date` datetime DEFAULT current_timestamp()
) ENGINE=InnoDB DEFAULT CHARSET=utf8mb4 COLLATE=utf8mb4_general_ci;

--
-- Dumping data for table `tickets`
--

INSERT INTO `tickets` (`id`, `ticket_number`, `email`, `first_name`, `last_name`, `event_id`, `date_id`, `purchase_date`) VALUES
(1, 'TICKET_t32t', 'test@test.test', 'Test', 'Testowo', 1, 2, '2025-05-04 12:26:26'),
(6, 'TICKET_17oxlm7p305cswccs', 'test@test.test', 'Adam', 'Kowalski', 1, 3, '2025-05-09 21:17:35'),
(7, 'TICKET_p5d8emxb76s0kc04ko', 'test@test.test', 'Adam', 'Kowalski', 1, 3, '2025-05-09 21:19:02'),
(9, 'TICKET_541wv9pm8bs48cs4wog', 'test@test.test', 'Adam', 'Kowalski', 1, 2, '2025-05-09 21:56:25'),
(10, 'TICKET_225slsi10mtcs00wcs', 'testowo@tp.test', 'Tomasz', 'Test', 1, 2, '2025-05-09 22:32:26'),
(11, 'TICKET_4784qkdg6xgkoskg4', 'testowo@tp.test', 'Paweł', 'Test', 1, 1, '2025-05-09 22:35:37'),
(12, 'TICKET_136lnbcw28i884w8k', 'testowo@tp.test', 'Paweł', 'Test', 1, 1, '2025-05-09 22:35:47'),
(13, 'TICKET_arny09k1v9k4ockck', 'biletowo@localhost', 'Piotr', 'Test', 1, 1, '2025-05-10 23:54:00'),
(14, 'TICKET_vn69z7oizj4kw', 'test@tp.test', 'Piotr', 'Test', 1, 1, '2025-05-13 21:50:38'),
(15, 'TICKET_35xwpxsqf8iso8csws', 'biletowo@localhost', 'Tomasz', 'Bilet', 1, 1, '2025-05-13 22:06:06'),
(16, 'TICKET_an3axzw6dd4o4sc', 'biletowo@localhost', 'Tomasz', 'Bilet', 1, 1, '2025-05-13 22:08:17'),
(17, 'TICKET_b236v5kyooowc08wk', 'biletowo@localhost', 'Paweł', 'Test', 1, 1, '2025-05-13 22:09:33'),
(18, 'TICKET_l54i24s0xpcgw4', 'biletowo@localhost', 'Tomasz', 'Bilet', 1, 1, '2025-05-13 22:16:16'),
(19, 'TICKET_nczi5mezvms4s04c40', 'biletowo@localhost', 'Tomasz', 'Bilet', 1, 1, '2025-05-13 22:20:01'),
(20, 'TICKET_m8vcp1r0kgg8skgkwo', 'biletowo@localhost', 'Tomasz', 'Bilet', 1, 1, '2025-05-13 22:26:33'),
(21, 'TICKET_7yvd3oukwi04gog4', 'biletowo@localhost', 'Tomasz', 'Bilet', 1, 1, '2025-05-13 22:31:51'),
(22, 'TICKET_xg5tqn2s2two4c', 'biletowo@localhost', 'Tomasz', 'Bilet', 1, 1, '2025-05-13 22:33:21'),
(23, 'TICKET_2psre50lqwcgcc', 'biletowo@localhost', 'Tomasz', 'Bilet', 1, 1, '2025-05-13 22:48:42');

-- --------------------------------------------------------

--
-- Struktura tabeli dla tabeli `ticket_prices`
--

CREATE TABLE `ticket_prices` (
  `id` int(11) NOT NULL,
  `event_id` int(11) DEFAULT NULL,
  `sector_id` int(11) DEFAULT NULL,
  `ticket_type_id` int(11) DEFAULT NULL,
  `price` decimal(10,2) DEFAULT NULL,
  `display_name` varchar(255) DEFAULT NULL
) ENGINE=InnoDB DEFAULT CHARSET=utf8mb4 COLLATE=utf8mb4_general_ci;

--
-- Dumping data for table `ticket_prices`
--

INSERT INTO `ticket_prices` (`id`, `event_id`, `sector_id`, `ticket_type_id`, `price`, `display_name`) VALUES
(1, 1, 1, 1, 104.95, NULL),
(2, 1, 1, 2, 66.00, NULL),
(5, 1, 2, 1, 104.95, NULL),
(6, 1, 2, 2, 66.00, NULL),
(37, 1, 3, 1, 104.95, NULL),
(38, 1, 3, 2, 66.00, NULL),
(39, 1, 4, 1, 104.95, NULL),
(40, 1, 4, 2, 66.00, NULL),
(41, 1, 5, 1, 104.95, NULL),
(42, 1, 5, 2, 66.00, NULL),
(43, 1, 6, 1, 124.00, NULL),
(44, 1, 6, 2, 82.00, NULL),
(45, 1, 7, 1, 124.00, NULL),
(46, 1, 7, 2, 82.00, NULL),
(47, 1, 8, 1, 124.00, NULL),
(48, 1, 8, 2, 82.00, NULL),
(49, 1, 9, 1, 124.00, NULL),
(50, 1, 9, 2, 82.00, NULL),
(51, 1, 10, 1, 124.00, NULL),
(52, 1, 10, 2, 82.00, NULL),
(53, 1, 11, 1, 124.00, NULL),
(54, 1, 11, 2, 82.00, NULL),
(55, 1, 12, 1, 154.00, NULL),
(56, 1, 12, 2, 101.00, NULL),
(57, 1, 13, 1, 154.00, NULL),
(58, 1, 13, 2, 101.00, NULL),
(59, 1, 14, 1, 154.00, NULL),
(60, 1, 14, 2, 101.00, NULL),
(61, 1, 15, 1, 154.00, NULL),
(62, 1, 15, 2, 101.00, NULL),
(63, 1, 16, 1, 154.00, NULL),
(64, 1, 16, 2, 101.00, NULL),
(65, 1, 17, 1, 154.00, NULL),
(66, 1, 17, 2, 101.00, NULL),
(67, 1, NULL, NULL, 204.55, 'Płyta B'),
(68, 1, NULL, NULL, 185.24, 'Płyta B ulgowy'),
(69, 1, NULL, NULL, 284.32, 'Płyta A');

-- --------------------------------------------------------

--
-- Struktura tabeli dla tabeli `ticket_seats`
--

CREATE TABLE `ticket_seats` (
  `id` int(11) NOT NULL,
  `seat_id` int(11) NOT NULL,
  `ticket_id` int(11) NOT NULL,
  `ticket_price_id` int(11) NOT NULL
) ENGINE=InnoDB DEFAULT CHARSET=utf8mb4 COLLATE=utf8mb4_general_ci;

--
-- Dumping data for table `ticket_seats`
--

INSERT INTO `ticket_seats` (`id`, `seat_id`, `ticket_id`, `ticket_price_id`) VALUES
(2, 3119, 1, 1),
(3, 3120, 1, 2),
(4, 3121, 1, 2),
(5, 6821, 7, 53),
(6, 6822, 7, 53),
(7, 6831, 7, 54),
(8, 6830, 7, 54),
(9, 6996, 7, 54),
(10, 6997, 7, 54),
(11, 6998, 7, 53),
(12, 3420, 7, 5),
(13, 3421, 7, 5),
(14, 3563, 7, 5),
(15, 3564, 7, 5),
(16, 3562, 7, 6),
(29, 6821, 9, 53),
(30, 6822, 9, 53),
(31, 6831, 9, 54),
(32, 6830, 9, 54),
(33, 6996, 9, 54),
(34, 6997, 9, 54),
(35, 6998, 9, 53),
(36, 3420, 9, 5),
(37, 3421, 9, 5),
(38, 3563, 9, 5),
(39, 3564, 9, 5),
(40, 3562, 9, 6),
(41, 3122, 10, 1),
(42, 3123, 10, 2),
(43, 3118, 11, 1),
(44, 3119, 11, 1),
(45, 3120, 13, 1),
(46, 3121, 13, 2),
(47, 3122, 14, 1),
(48, 3123, 15, 1),
(49, 3124, 15, 1),
(50, 3125, 15, 1),
(51, 3126, 15, 2),
(52, 3127, 15, 2),
(53, 3137, 16, 1),
(54, 3130, 17, 1),
(55, 3133, 18, 2),
(56, 3134, 18, 2),
(57, 3135, 18, 1),
(58, 3128, 19, 1),
(59, 3129, 19, 1),
(60, 3131, 19, 2),
(61, 3142, 20, 1),
(62, 3143, 20, 1),
(63, 3144, 20, 2),
(64, 3136, 23, 1),
(65, 3264, 23, 1),
(66, 3265, 23, 1),
(67, 3266, 23, 2);

-- --------------------------------------------------------

--
-- Struktura tabeli dla tabeli `ticket_types`
--

CREATE TABLE `ticket_types` (
  `id` int(11) NOT NULL,
  `name` varchar(255) DEFAULT NULL,
  `color_hex` varchar(7) DEFAULT NULL,
  `event_id` int(11) DEFAULT NULL
) ENGINE=InnoDB DEFAULT CHARSET=utf8mb4 COLLATE=utf8mb4_general_ci;

--
-- Dumping data for table `ticket_types`
--

INSERT INTO `ticket_types` (`id`, `name`, `color_hex`, `event_id`) VALUES
(1, 'Normalny', '#f4d41c', 1),
(2, 'Ulgowy', '#5145fe', 1);

-- --------------------------------------------------------

--
-- Struktura tabeli dla tabeli `users`
--

CREATE TABLE `users` (
  `id` int(11) NOT NULL,
  `username` varchar(255) NOT NULL,
  `password` varchar(255) NOT NULL
) ENGINE=InnoDB DEFAULT CHARSET=utf8mb4 COLLATE=utf8mb4_general_ci;

--
-- Dumping data for table `users`
--

INSERT INTO `users` (`id`, `username`, `password`) VALUES
(1, 'admin', '$2a$10$2cQzjv8uZn76F/gr08FaG.IuhbQvCsRDLYCbLs9MhRHz3s89TZ6du');

-- --------------------------------------------------------

--
-- Struktura tabeli dla tabeli `venues`
--

CREATE TABLE `venues` (
  `id` int(11) NOT NULL,
  `name` varchar(255) DEFAULT NULL,
  `image` varchar(255) DEFAULT NULL,
  `venue_map` varchar(255) DEFAULT NULL,
  `slug` varchar(255) DEFAULT NULL,
  `city` varchar(255) DEFAULT NULL
) ENGINE=InnoDB DEFAULT CHARSET=utf8mb4 COLLATE=utf8mb4_general_ci;

--
-- Dumping data for table `venues`
--

INSERT INTO `venues` (`id`, `name`, `image`, `venue_map`, `slug`, `city`) VALUES
(1, 'PGE Narodowy', 'narodowy.jpeg', 'narodowy_map.jpg', 'pge-narodowy', 'Warszawa');

--
-- Indeksy dla zrzutów tabel
--

--
-- Indeksy dla tabeli `artists`
--
ALTER TABLE `artists`
  ADD PRIMARY KEY (`id`);

--
-- Indeksy dla tabeli `events`
--
ALTER TABLE `events`
  ADD PRIMARY KEY (`id`),
  ADD KEY `artist_id` (`artist_id`),
  ADD KEY `venue_id` (`venue_id`);

--
-- Indeksy dla tabeli `event_dates`
--
ALTER TABLE `event_dates`
  ADD PRIMARY KEY (`id`),
  ADD KEY `event_id` (`event_id`);

--
-- Indeksy dla tabeli `rows`
--
ALTER TABLE `rows`
  ADD PRIMARY KEY (`id`),
  ADD KEY `sector_id` (`sector_id`);

--
-- Indeksy dla tabeli `seats`
--
ALTER TABLE `seats`
  ADD PRIMARY KEY (`id`),
  ADD KEY `row_id` (`row_id`);

--
-- Indeksy dla tabeli `sectors`
--
ALTER TABLE `sectors`
  ADD PRIMARY KEY (`id`),
  ADD KEY `venue_id` (`venue_id`);

--
-- Indeksy dla tabeli `site_config`
--
ALTER TABLE `site_config`
  ADD PRIMARY KEY (`name`);

--
-- Indeksy dla tabeli `ticket`
--
ALTER TABLE `ticket`
  ADD PRIMARY KEY (`id`),
  ADD KEY `ticket_price_id` (`ticket_price_id`),
  ADD KEY `ticket_id` (`ticket_id`),
  ADD KEY `quantity` (`quantity`);

--
-- Indeksy dla tabeli `tickets`
--
ALTER TABLE `tickets`
  ADD PRIMARY KEY (`id`),
  ADD KEY `event_id` (`event_id`),
  ADD KEY `date_id` (`date_id`);

--
-- Indeksy dla tabeli `ticket_prices`
--
ALTER TABLE `ticket_prices`
  ADD PRIMARY KEY (`id`),
  ADD KEY `event_id` (`event_id`),
  ADD KEY `sector_id` (`sector_id`),
  ADD KEY `ticket_type_id` (`ticket_type_id`);

--
-- Indeksy dla tabeli `ticket_seats`
--
ALTER TABLE `ticket_seats`
  ADD PRIMARY KEY (`id`),
  ADD KEY `seat_id` (`seat_id`),
  ADD KEY `ticket_price_id` (`ticket_price_id`),
  ADD KEY `ticket_id` (`ticket_id`);

--
-- Indeksy dla tabeli `ticket_types`
--
ALTER TABLE `ticket_types`
  ADD PRIMARY KEY (`id`),
  ADD KEY `event_id` (`event_id`);

--
-- Indeksy dla tabeli `users`
--
ALTER TABLE `users`
  ADD PRIMARY KEY (`id`);

--
-- Indeksy dla tabeli `venues`
--
ALTER TABLE `venues`
  ADD PRIMARY KEY (`id`);

--
-- AUTO_INCREMENT for dumped tables
--

--
-- AUTO_INCREMENT for table `artists`
--
ALTER TABLE `artists`
  MODIFY `id` int(11) NOT NULL AUTO_INCREMENT, AUTO_INCREMENT=8;

--
-- AUTO_INCREMENT for table `events`
--
ALTER TABLE `events`
  MODIFY `id` int(11) NOT NULL AUTO_INCREMENT, AUTO_INCREMENT=3;

--
-- AUTO_INCREMENT for table `event_dates`
--
ALTER TABLE `event_dates`
  MODIFY `id` int(11) NOT NULL AUTO_INCREMENT, AUTO_INCREMENT=4;

--
-- AUTO_INCREMENT for table `rows`
--
ALTER TABLE `rows`
  MODIFY `id` int(11) NOT NULL AUTO_INCREMENT, AUTO_INCREMENT=276;

--
-- AUTO_INCREMENT for table `seats`
--
ALTER TABLE `seats`
  MODIFY `id` int(11) NOT NULL AUTO_INCREMENT, AUTO_INCREMENT=8738;

--
-- AUTO_INCREMENT for table `sectors`
--
ALTER TABLE `sectors`
  MODIFY `id` int(11) NOT NULL AUTO_INCREMENT, AUTO_INCREMENT=18;

--
-- AUTO_INCREMENT for table `ticket`
--
ALTER TABLE `ticket`
  MODIFY `id` int(11) NOT NULL AUTO_INCREMENT, AUTO_INCREMENT=29;

--
-- AUTO_INCREMENT for table `tickets`
--
ALTER TABLE `tickets`
  MODIFY `id` int(11) NOT NULL AUTO_INCREMENT, AUTO_INCREMENT=24;

--
-- AUTO_INCREMENT for table `ticket_prices`
--
ALTER TABLE `ticket_prices`
  MODIFY `id` int(11) NOT NULL AUTO_INCREMENT, AUTO_INCREMENT=70;

--
-- AUTO_INCREMENT for table `ticket_seats`
--
ALTER TABLE `ticket_seats`
  MODIFY `id` int(11) NOT NULL AUTO_INCREMENT, AUTO_INCREMENT=68;

--
-- AUTO_INCREMENT for table `ticket_types`
--
ALTER TABLE `ticket_types`
  MODIFY `id` int(11) NOT NULL AUTO_INCREMENT, AUTO_INCREMENT=3;

--
-- AUTO_INCREMENT for table `users`
--
ALTER TABLE `users`
  MODIFY `id` int(11) NOT NULL AUTO_INCREMENT, AUTO_INCREMENT=2;

--
-- AUTO_INCREMENT for table `venues`
--
ALTER TABLE `venues`
  MODIFY `id` int(11) NOT NULL AUTO_INCREMENT, AUTO_INCREMENT=3;

--
-- Constraints for dumped tables
--

--
-- Constraints for table `events`
--
ALTER TABLE `events`
  ADD CONSTRAINT `events_ibfk_1` FOREIGN KEY (`artist_id`) REFERENCES `artists` (`id`),
  ADD CONSTRAINT `events_ibfk_2` FOREIGN KEY (`venue_id`) REFERENCES `venues` (`id`);

--
-- Constraints for table `event_dates`
--
ALTER TABLE `event_dates`
  ADD CONSTRAINT `event_dates_ibfk_1` FOREIGN KEY (`event_id`) REFERENCES `events` (`id`);

--
-- Constraints for table `rows`
--
ALTER TABLE `rows`
  ADD CONSTRAINT `rows_ibfk_1` FOREIGN KEY (`sector_id`) REFERENCES `sectors` (`id`);

--
-- Constraints for table `seats`
--
ALTER TABLE `seats`
  ADD CONSTRAINT `seats_ibfk_1` FOREIGN KEY (`row_id`) REFERENCES `rows` (`id`);

--
-- Constraints for table `sectors`
--
ALTER TABLE `sectors`
  ADD CONSTRAINT `sectors_ibfk_1` FOREIGN KEY (`venue_id`) REFERENCES `venues` (`id`);

--
-- Constraints for table `ticket`
--
ALTER TABLE `ticket`
  ADD CONSTRAINT `ticket_ibfk_1` FOREIGN KEY (`ticket_price_id`) REFERENCES `ticket_prices` (`id`),
  ADD CONSTRAINT `ticket_ibfk_2` FOREIGN KEY (`ticket_id`) REFERENCES `tickets` (`id`);

--
-- Constraints for table `tickets`
--
ALTER TABLE `tickets`
  ADD CONSTRAINT `tickets_ibfk_1` FOREIGN KEY (`event_id`) REFERENCES `events` (`id`),
  ADD CONSTRAINT `tickets_ibfk_2` FOREIGN KEY (`date_id`) REFERENCES `event_dates` (`id`);

--
-- Constraints for table `ticket_prices`
--
ALTER TABLE `ticket_prices`
  ADD CONSTRAINT `ticket_prices_ibfk_1` FOREIGN KEY (`event_id`) REFERENCES `events` (`id`),
  ADD CONSTRAINT `ticket_prices_ibfk_2` FOREIGN KEY (`sector_id`) REFERENCES `sectors` (`id`),
  ADD CONSTRAINT `ticket_prices_ibfk_3` FOREIGN KEY (`ticket_type_id`) REFERENCES `ticket_types` (`id`);

--
-- Constraints for table `ticket_seats`
--
ALTER TABLE `ticket_seats`
  ADD CONSTRAINT `ticket_seats_ibfk_1` FOREIGN KEY (`seat_id`) REFERENCES `seats` (`id`),
  ADD CONSTRAINT `ticket_seats_ibfk_3` FOREIGN KEY (`ticket_price_id`) REFERENCES `ticket_prices` (`id`),
  ADD CONSTRAINT `ticket_seats_ibfk_4` FOREIGN KEY (`ticket_id`) REFERENCES `tickets` (`id`);

--
-- Constraints for table `ticket_types`
--
ALTER TABLE `ticket_types`
  ADD CONSTRAINT `ticket_types_ibfk_1` FOREIGN KEY (`event_id`) REFERENCES `events` (`id`);
COMMIT;

/*!40101 SET CHARACTER_SET_CLIENT=@OLD_CHARACTER_SET_CLIENT */;
/*!40101 SET CHARACTER_SET_RESULTS=@OLD_CHARACTER_SET_RESULTS */;
/*!40101 SET COLLATION_CONNECTION=@OLD_COLLATION_CONNECTION */;
